method,case_id,split,slice,question,expected_ids,retrieved_ids,top_score,threshold,latency_ms,hit_at_1,hit_at_3,hit_at_5,recall_at_5,reciprocal_rank_at_10,ndcg_at_10,answerability_correct
tfidf,category_cat_alcohol,test,category_intent,Gợi ý các món thuộc nhóm Bia & Rượu,menu:m_085;menu:m_086;menu:m_087;menu:m_088;menu:m_089;menu:m_090;menu:m_091,menu:m_086;menu:m_089;menu:m_087;menu:m_090;menu:m_088;menu:m_085;menu:m_041;menu:m_091;menu:m_052;menu:m_034,0.22448843175874375,0.23012074475944605,0.30664299993077293,1.0,1.0,1.0,0.7142857142857143,1.0,0.9950883841893561,0.0
tfidf,category_cat_appetizer,test,category_intent,Gợi ý các món thuộc nhóm Khai vị,menu:m_001;menu:m_002;menu:m_003;menu:m_004;menu:m_005;menu:m_006;menu:m_007,menu:m_005;menu:m_001;menu:m_041;menu:m_003;menu:m_052;menu:m_034;menu:m_002;menu:m_004;menu:m_007;menu:m_006,0.1679888933446922,0.23012074475944605,0.22373800129571464,1.0,1.0,1.0,0.42857142857142855,1.0,0.9072291563948641,0.0
tfidf,category_cat_dessert,test,category_intent,Gợi ý các món thuộc nhóm Tráng miệng,menu:m_071;menu:m_072;menu:m_073;menu:m_074;menu:m_075;menu:m_076;menu:m_077,menu:m_073;menu:m_041;menu:m_077;menu:m_052;menu:m_034;menu:m_075;menu:m_076;menu:m_072;menu:m_074;menu:m_071,0.15425505044278964,0.23012074475944605,0.32814500082167797,1.0,1.0,1.0,0.2857142857142857,1.0,0.850769798258375,0.0
tfidf,category_cat_drink,test,category_intent,Gợi ý các món thuộc nhóm Cà phê & Trà,menu:m_057;menu:m_058;menu:m_059;menu:m_060;menu:m_061;menu:m_062;menu:m_063,menu:m_063;menu:m_057;menu:m_058;menu:m_059;menu:m_060;menu:m_061;menu:m_062;menu:m_041;menu:m_052;menu:m_034,0.3349935958225265,0.23012074475944605,0.23948200032464229,1.0,1.0,1.0,0.7142857142857143,1.0,1.0,1.0
tfidf,category_cat_fruit,test,category_intent,Gợi ý các món thuộc nhóm Trái cây tươi,menu:m_078;menu:m_079;menu:m_080;menu:m_081;menu:m_082;menu:m_083;menu:m_084,menu:m_078;menu:m_081;menu:m_083;menu:m_082;menu:m_079;menu:m_080;menu:m_084;menu:m_041;menu:m_052;menu:m_034,0.3116863501114316,0.23012074475944605,0.22471900047094095,1.0,1.0,1.0,0.7142857142857143,1.0,1.0,1.0
tfidf,category_cat_hotpot,test,category_intent,Gợi ý các món thuộc nhóm Lẩu,menu:m_029;menu:m_030;menu:m_031;menu:m_032;menu:m_033;menu:m_034;menu:m_035,menu:m_034;menu:m_041;menu:m_052;menu:m_035;menu:m_014;menu:m_029;menu:m_030;menu:m_032;menu:m_031;menu:m_044,0.2175001644659968,0.23012074475944605,0.23772900021867827,1.0,1.0,1.0,0.2857142857142857,1.0,0.7522573453238249,0.0
tfidf,category_cat_main,test,category_intent,Gợi ý các món thuộc nhóm Cơm Việt,menu:m_015;menu:m_016;menu:m_017;menu:m_018;menu:m_019;menu:m_020;menu:m_021,menu:m_019;menu:m_020;menu:m_017;menu:m_016;menu:m_041;menu:m_018;menu:m_021;menu:m_052;menu:m_015;menu:m_034,0.17019881921272087,0.23012074475944605,0.26634200003172737,1.0,1.0,1.0,0.5714285714285714,1.0,0.9764093402750902,0.0
tfidf,category_cat_noodle,test,category_intent,Gợi ý các món thuộc nhóm Phở & Bún,menu:m_008;menu:m_009;menu:m_010;menu:m_011;menu:m_012;menu:m_013;menu:m_014,menu:m_014;menu:m_009;menu:m_052;menu:m_011;menu:m_041;menu:m_012;menu:m_013;menu:m_010;menu:m_008;menu:m_034,0.23424487853957354,0.23012074475944605,0.2347940007894067,1.0,1.0,1.0,0.42857142857142855,1.0,0.9256850023120645,1.0
tfidf,category_cat_regional,test,category_intent,Gợi ý các món thuộc nhóm Đặc sản vùng miền,menu:m_043;menu:m_044;menu:m_045;menu:m_046;menu:m_047;menu:m_048;menu:m_049,menu:m_043;menu:m_046;menu:m_045;menu:m_044;menu:m_049;menu:m_047;menu:m_048;menu:m_041;menu:m_052;menu:m_034,0.24681904379784195,0.23012074475944605,0.3211149996786844,1.0,1.0,1.0,0.7142857142857143,1.0,1.0,1.0
tfidf,category_cat_seafood,test,category_intent,Gợi ý các món thuộc nhóm Hải sản,menu:m_022;menu:m_023;menu:m_024;menu:m_025;menu:m_026;menu:m_027;menu:m_028,menu:m_033;menu:m_041;menu:m_052;menu:m_034;menu:m_027;menu:m_025;menu:m_028;menu:m_023;menu:m_024;policy:allergen_safety,0.1657358121171948,0.23012074475944605,0.31505600054515526,0.0,0.0,1.0,0.14285714285714285,0.2,0.46533490048440107,0.0
tfidf,exact_m_002,test,exact_name,Cho tôi thông tin về Nem rán Hà Nội,menu:m_002,menu:m_002;menu:m_086;menu:m_058;menu:m_090;menu:m_088;policy:allergen_safety;menu:m_049;menu:m_011;menu:m_014;menu:m_061,0.33934101356486496,0.23012074475944605,0.2329519993509166,1.0,1.0,1.0,1.0,1.0,1.0,1.0
tfidf,exact_m_003,test,exact_name,Cho tôi thông tin về Bánh xèo miền Tây,menu:m_003,menu:m_003;menu:m_013;menu:m_035;menu:m_023;policy:allergen_safety;policy:ordering_scope;menu:m_082;menu:m_061;menu:m_047;menu:m_043,0.3305291931272791,0.23012074475944605,0.2570079996075947,1.0,1.0,1.0,1.0,1.0,1.0,1.0
tfidf,exact_m_005,test,exact_name,Cho tôi thông tin về Gỏi xoài tôm sú,menu:m_005,menu:m_005;menu:m_024;policy:allergen_safety;policy:ordering_scope;menu:m_077;menu:m_001;menu:m_079;menu:m_067;menu:m_052;menu:m_019,0.3957753966439996,0.23012074475944605,0.23072799922374543,1.0,1.0,1.0,1.0,1.0,1.0,1.0
tfidf,exact_m_010,test,exact_name,Cho tôi thông tin về Bún bò Huế,menu:m_010,menu:m_010;menu:m_056;policy:allergen_safety;menu:m_020;menu:m_028;menu:m_021;policy:ordering_scope;menu:m_008;menu:m_030;menu:m_052,0.29479446056310177,0.23012074475944605,0.26373800028522965,1.0,1.0,1.0,1.0,1.0,1.0,1.0
tfidf,exact_m_011,test,exact_name,Cho tôi thông tin về Bún chả Hà Nội,menu:m_011,menu:m_011;menu:m_086;menu:m_058;menu:m_014;menu:m_090;menu:m_088;policy:allergen_safety;menu:m_049;menu:m_002;menu:m_004,0.3970166256135563,0.23012074475944605,0.2548040010879049,1.0,1.0,1.0,1.0,1.0,1.0,1.0
tfidf,exact_m_014,test,exact_name,Cho tôi thông tin về Bún đậu mắm tôm,menu:m_014,menu:m_014;policy:allergen_safety;menu:m_013;policy:ordering_scope;menu:m_005;menu:m_001;menu:m_019;menu:m_024;menu:m_011;policy:parking,0.35076467655228927,0.23012074475944605,0.2308690000063507,1.0,1.0,1.0,1.0,1.0,1.0,1.0
tfidf,exact_m_018,test,exact_name,Cho tôi thông tin về Cơm cá kho tộ,menu:m_018,menu:m_018;policy:allergen_safety;menu:m_019;policy:ordering_scope;menu:m_053;menu:m_021;menu:m_057;policy:parking;menu:m_051;menu:m_020,0.44049184838894373,0.23012074475944605,0.24718300119275227,1.0,1.0,1.0,1.0,1.0,1.0,1.0
tfidf,exact_m_019,test,exact_name,Cho tôi thông tin về Cơm chiên Sài Gòn,menu:m_019,menu:m_019;menu:m_085;menu:m_059;menu:m_070;menu:m_051;menu:m_015;menu:m_048;menu:m_006;policy:allergen_safety;menu:m_038,0.3901688616685347,0.23012074475944605,0.2676940002857009,1.0,1.0,1.0,1.0,1.0,1.0,1.0
tfidf,exact_m_021,test,exact_name,Cho tôi thông tin về Cơm bò lúc lắc,menu:m_021,menu:m_021;policy:allergen_safety;menu:m_028;menu:m_019;policy:ordering_scope;menu:m_008;menu:m_020;menu:m_030;menu:m_017;menu:m_016,0.4714766839171673,0.23012074475944605,0.24833499992382713,1.0,1.0,1.0,1.0,1.0,1.0,1.0
tfidf,exact_m_022,test,exact_name,Cho tôi thông tin về Tôm hùm nướng mỡ hành,menu:m_022,menu:m_022;policy:allergen_safety;menu:m_049;policy:ordering_scope;menu:m_024;policy:opening_hours;menu:m_043;menu:m_090;menu:m_076;menu:m_036,0.5091320409863971,0.23012074475944605,0.2295970007253345,1.0,1.0,1.0,1.0,1.0,1.0,1.0
tfidf,exact_m_023,test,exact_name,Cho tôi thông tin về Cá lóc nướng trui,menu:m_023,menu:m_023;policy:allergen_safety;policy:ordering_scope;menu:m_079;menu:m_067;menu:m_057;menu:m_076;menu:m_036;menu:m_017;menu:m_040,0.4213077960783763,0.23012074475944605,0.22709299992129672,1.0,1.0,1.0,1.0,1.0,1.0,1.0
tfidf,exact_m_024,test,exact_name,Cho tôi thông tin về Tôm rang muối Tây Ninh,menu:m_024,menu:m_024;policy:allergen_safety;menu:m_028;policy:ordering_scope;menu:m_005;menu:m_040;menu:m_013;menu:m_003;menu:m_061;menu:m_025,0.46536277914115354,0.23012074475944605,0.2384710005571833,1.0,1.0,1.0,1.0,1.0,1.0,1.0
tfidf,exact_m_025,test,exact_name,Cho tôi thông tin về Cua rang me,menu:m_025,menu:m_025;policy:allergen_safety;menu:m_028;menu:m_024;menu:m_076;policy:ordering_scope;menu:m_012;policy:opening_hours;menu:m_007;menu:m_029,0.32776865505917024,0.23012074475944605,0.2501979997759918,1.0,1.0,1.0,1.0,1.0,1.0,1.0
tfidf,exact_m_026,test,exact_name,Cho tôi thông tin về Mực xào sa tế,menu:m_026,menu:m_026;menu:m_039;policy:allergen_safety;policy:ordering_scope;menu:m_027;menu:m_060;menu:m_074;menu:m_028;menu:m_020;menu:m_013,0.465207800182783,0.23012074475944605,0.2195409997511888,1.0,1.0,1.0,1.0,1.0,1.0,1.0
tfidf,exact_m_027,test,exact_name,Cho tôi thông tin về Nghêu hấp sả,menu:m_027,menu:m_027;policy:allergen_safety;menu:m_037;policy:ordering_scope;menu:m_039;menu:m_060;menu:m_074;menu:m_028;menu:m_026;menu:m_033,0.416150006906324,0.23012074475944605,0.2331830000912305,1.0,1.0,1.0,1.0,1.0,1.0,1.0
tfidf,exact_m_028,test,exact_name,Cho tôi thông tin về Ốc hương rang bơ tỏi,menu:m_028,menu:m_028;menu:m_021;policy:allergen_safety;menu:m_024;policy:ordering_scope;menu:m_025;menu:m_019;menu:m_008;menu:m_030;menu:m_038,0.6154952040873715,0.23012074475944605,0.2875540012610145,1.0,1.0,1.0,1.0,1.0,1.0,1.0
tfidf,exact_m_029,test,exact_name,Cho tôi thông tin về Lẩu chua cá lăng,menu:m_029,menu:m_029;policy:allergen_safety;policy:ordering_scope;menu:m_035;menu:m_033;menu:m_057;menu:m_054;menu:m_030;menu:m_019;menu:m_032,0.43259686160968935,0.23012074475944605,0.30372800028999336,1.0,1.0,1.0,1.0,1.0,1.0,1.0
tfidf,exact_m_030,test,exact_name,Cho tôi thông tin về Lẩu bò nhúng giấm,menu:m_030,menu:m_030;policy:allergen_safety;menu:m_028;menu:m_021;policy:ordering_scope;menu:m_034;menu:m_035;menu:m_029;menu:m_008;menu:m_032,0.42877585846260147,0.23012074475944605,0.23353299911832437,1.0,1.0,1.0,1.0,1.0,1.0,1.0
tfidf,exact_m_031,test,exact_name,Cho tôi thông tin về Lẩu nấm chay,menu:m_031,menu:m_031;menu:m_050;policy:allergen_safety;menu:m_056;menu:m_055;menu:m_051;policy:ordering_scope;menu:m_053;menu:m_052;menu:m_035,0.2986803203060743,0.23012074475944605,0.24177500017685816,1.0,1.0,1.0,1.0,1.0,1.0,1.0
tfidf,exact_m_032,test,exact_name,Cho tôi thông tin về Lẩu gà lá é Đà Lạt,menu:m_032,menu:m_032;menu:m_069;policy:allergen_safety;menu:m_037;policy:ordering_scope;menu:m_038;menu:m_031;menu:m_035;menu:m_036;menu:m_040,0.5661698414413158,0.23012074475944605,0.2631269999255892,1.0,1.0,1.0,1.0,1.0,1.0,1.0
tfidf,exact_m_033,test,exact_name,Cho tôi thông tin về Lẩu hải sản chua cay,menu:m_033,menu:m_033;policy:allergen_safety;menu:m_028;menu:m_026;policy:ordering_scope;menu:m_024;menu:m_025;menu:m_029;menu:m_027;menu:m_023,0.39975436558672306,0.23012074475944605,0.28668200138781685,1.0,1.0,1.0,1.0,1.0,1.0,1.0
tfidf,exact_m_034,test,exact_name,Cho tôi thông tin về Lẩu dê thuốc bắc,menu:m_034,menu:m_034;menu:m_041;policy:allergen_safety;menu:m_029;policy:ordering_scope;policy:parking;menu:m_035;menu:m_030;menu:m_032;menu:m_031,0.41699891517114085,0.23012074475944605,0.22817500030214433,1.0,1.0,1.0,1.0,1.0,1.0,1.0
tfidf,exact_m_035,test,exact_name,Cho tôi thông tin về Lẩu mắm miền Tây,menu:m_035,menu:m_035;menu:m_013;menu:m_003;menu:m_023;policy:allergen_safety;policy:ordering_scope;menu:m_082;menu:m_032;menu:m_038;menu:m_044,0.39020606759036214,0.23012074475944605,0.23847000011301134,1.0,1.0,1.0,1.0,1.0,1.0,1.0
tfidf,exact_m_036,test,exact_name,Cho tôi thông tin về Gà nướng mật ong,menu:m_036,menu:m_036;menu:m_040;menu:m_091;menu:m_084;menu:m_015;policy:allergen_safety;policy:ordering_scope;menu:m_038;menu:m_076;menu:m_009,0.415042203675195,0.23012074475944605,0.2213240004493855,1.0,1.0,1.0,1.0,1.0,1.0,1.0
tfidf,exact_m_038,test,exact_name,Cho tôi thông tin về Cánh gà chiên nước mắm,menu:m_038,menu:m_038;policy:allergen_safety;menu:m_002;menu:m_016;menu:m_019;policy:ordering_scope;menu:m_053;menu:m_009;menu:m_051;menu:m_014,0.5236510780697367,0.23012074475944605,0.24446899988106452,1.0,1.0,1.0,1.0,1.0,1.0,1.0
tfidf,exact_m_039,test,exact_name,Cho tôi thông tin về Gà xào sả ớt,menu:m_039,menu:m_039;menu:m_026;policy:allergen_safety;menu:m_027;menu:m_056;menu:m_038;menu:m_010;menu:m_040;policy:ordering_scope;menu:m_009,0.45602856194314195,0.23012074475944605,0.25267099954362493,1.0,1.0,1.0,1.0,1.0,1.0,1.0
tfidf,exact_m_041,test,exact_name,Cho tôi thông tin về Gà tiềm thuốc bắc,menu:m_041,menu:m_041;menu:m_034;policy:allergen_safety;policy:ordering_scope;menu:m_038;menu:m_009;menu:m_036;menu:m_039;menu:m_028;menu:m_040,0.5018495729841904,0.23012074475944605,0.24125399977492634,1.0,1.0,1.0,1.0,1.0,1.0,1.0
tfidf,exact_m_042,test,exact_name,Cho tôi thông tin về Gà rô ti kiểu Việt,menu:m_042,menu:m_042;policy:allergen_safety;policy:ordering_scope;menu:m_038;menu:m_016;menu:m_019;menu:m_009;menu:m_033;menu:m_021;menu:m_036,0.5504734321832582,0.23012074475944605,0.22279599943431094,1.0,1.0,1.0,1.0,1.0,1.0,1.0
tfidf,exact_m_043,test,exact_name,Cho tôi thông tin về Mì Quảng tôm thịt,menu:m_043,menu:m_043;menu:m_055;policy:allergen_safety;menu:m_001;menu:m_003;policy:ordering_scope;menu:m_046;menu:m_024;menu:m_019;menu:m_034,0.42859933064610056,0.23012074475944605,0.2664219991856953,1.0,1.0,1.0,1.0,1.0,1.0,1.0
tfidf,exact_m_044,test,exact_name,Cho tôi thông tin về Cao lầu Hội An,menu:m_044,menu:m_044;menu:m_016;policy:allergen_safety;policy:ordering_scope;menu:m_032;menu:m_030;menu:m_034;menu:m_088;menu:m_021;menu:m_035,0.4450835562833463,0.23012074475944605,0.22152400015329476,1.0,1.0,1.0,1.0,1.0,1.0,1.0
tfidf,exact_m_045,test,exact_name,Cho tôi thông tin về Bê thui Cầu Mống,menu:m_045,menu:m_045;policy:allergen_safety;policy:ordering_scope;menu:m_028;policy:parking;menu:m_004;menu:m_001;menu:m_030;menu:m_019;menu:m_089,0.45145842064797903,0.23012074475944605,0.24314699840033427,1.0,1.0,1.0,1.0,1.0,1.0,1.0
tfidf,exact_m_046,test,exact_name,Cho tôi thông tin về Hủ tiếu Nam Vang,menu:m_046,menu:m_046;policy:allergen_safety;menu:m_050;policy:ordering_scope;menu:m_028;menu:m_031;menu:m_056;menu:m_055;menu:m_054;menu:m_051,0.3944044788510299,0.23012074475944605,0.21914099852438085,1.0,1.0,1.0,1.0,1.0,1.0,1.0
tfidf,exact_m_047,test,exact_name,Cho tôi thông tin về Bánh tráng cuốn thịt heo,menu:m_047,menu:m_047;menu:m_001;policy:allergen_safety;menu:m_045;menu:m_043;menu:m_004;menu:m_023;policy:ordering_scope;menu:m_003;menu:m_017,0.45263086204551733,0.23012074475944605,0.23789899933035485,1.0,1.0,1.0,1.0,1.0,1.0,1.0
tfidf,exact_m_048,test,exact_name,Cho tôi thông tin về Cháo lòng Sài Gòn,menu:m_048,menu:m_048;menu:m_085;menu:m_059;menu:m_070;menu:m_006;menu:m_015;policy:allergen_safety;menu:m_019;policy:ordering_scope;menu:m_083,0.3842810472991897,0.23012074475944605,0.2854610011127079,1.0,1.0,1.0,1.0,1.0,1.0,1.0
tfidf,exact_m_050,test,exact_name,Cho tôi thông tin về Phở chay nấm đông cô,menu:m_050,menu:m_050;menu:m_031;menu:m_053;policy:allergen_safety;menu:m_056;menu:m_055;menu:m_051;policy:ordering_scope;menu:m_008;menu:m_012,0.560864074655021,0.23012074475944605,0.3575589998945361,1.0,1.0,1.0,1.0,1.0,1.0,1.0
tfidf,exact_m_051,test,exact_name,Cho tôi thông tin về Cơm chiên chay ngũ sắc,menu:m_051,menu:m_051;menu:m_019;policy:allergen_safety;menu:m_017;menu:m_038;menu:m_022;policy:ordering_scope;menu:m_054;menu:m_021;menu:m_056,0.4560767027907202,0.23012074475944605,0.27786999999079853,1.0,1.0,1.0,1.0,1.0,1.0,1.0
tfidf,exact_m_052,test,exact_name,Cho tôi thông tin về Gỏi cuốn chay,menu:m_052,menu:m_052;policy:allergen_safety;menu:m_001;policy:ordering_scope;menu:m_056;menu:m_055;menu:m_050;menu:m_047;menu:m_051;menu:m_031,0.3553361010097279,0.23012074475944605,0.25688799905765336,1.0,1.0,1.0,1.0,1.0,1.0,1.0
tfidf,exact_m_053,test,exact_name,Cho tôi thông tin về Canh khổ qua nhồi nấm,menu:m_053,menu:m_053;policy:allergen_safety;menu:m_038;menu:m_018;policy:ordering_scope;menu:m_031;menu:m_050;menu:m_028;menu:m_046;menu:m_008,0.5670888049941694,0.23012074475944605,0.2190510003856616,1.0,1.0,1.0,1.0,1.0,1.0,1.0
tfidf,exact_m_054,test,exact_name,Cho tôi thông tin về Đậu hũ sốt cà chua,menu:m_054,menu:m_054;menu:m_012;policy:allergen_safety;menu:m_051;menu:m_014;policy:ordering_scope;menu:m_052;menu:m_055;menu:m_056;menu:m_057,0.4921769548809295,0.23012074475944605,0.2792309987853514,1.0,1.0,1.0,1.0,1.0,1.0,1.0
tfidf,exact_m_056,test,exact_name,Cho tôi thông tin về Bún chay Huế,menu:m_056,menu:m_056;policy:allergen_safety;menu:m_010;menu:m_020;menu:m_052;policy:ordering_scope;menu:m_055;menu:m_050;menu:m_051;menu:m_031,0.3989209294216705,0.23012074475944605,0.21965199994156137,1.0,1.0,1.0,1.0,1.0,1.0,1.0
tfidf,exact_m_057,test,exact_name,Cho tôi thông tin về Cà phê sữa đá,menu:m_057,menu:m_057;menu:m_063;menu:m_058;menu:m_059;menu:m_062;policy:allergen_safety;menu:m_061;menu:m_060;policy:ordering_scope;menu:m_069,0.41462655864906023,0.23012074475944605,0.23175900059868582,1.0,1.0,1.0,1.0,1.0,1.0,1.0
tfidf,exact_m_060,test,exact_name,Cho tôi thông tin về Trà đào cam sả,menu:m_060,menu:m_060;policy:allergen_safety;menu:m_089;policy:ordering_scope;menu:m_091;menu:m_061;menu:m_064;menu:m_057;menu:m_027;menu:m_039,0.42170610486816196,0.23012074475944605,0.266451999777928,1.0,1.0,1.0,1.0,1.0,1.0,1.0
tfidf,exact_m_061,test,exact_name,Cho tôi thông tin về Trà sen Tây Hồ,menu:m_061,menu:m_061;policy:allergen_safety;policy:ordering_scope;menu:m_057;menu:m_060;policy:reservation;menu:m_062;policy:ai_role;menu:m_024;menu:m_028,0.4817206877481178,0.23012074475944605,0.2245499999844469,1.0,1.0,1.0,1.0,1.0,1.0,1.0
tfidf,exact_m_062,test,exact_name,Cho tôi thông tin về Trà sữa trân châu,menu:m_062,menu:m_062;policy:allergen_safety;menu:m_057;menu:m_059;policy:ordering_scope;menu:m_061;menu:m_060;menu:m_028;policy:parking;policy:payment,0.47178712096422837,0.23012074475944605,0.2564870010246523,1.0,1.0,1.0,1.0,1.0,1.0,1.0
tfidf,exact_m_063,test,exact_name,Cho tôi thông tin về Cà phê dừa,menu:m_063,menu:m_063;menu:m_057;menu:m_058;policy:allergen_safety;menu:m_059;menu:m_061;policy:ordering_scope;menu:m_060;menu:m_062;menu:m_018,0.32342029575182085,0.23012074475944605,0.28094399931433145,1.0,1.0,1.0,1.0,1.0,1.0,1.0
tfidf,exact_m_065,test,exact_name,Cho tôi thông tin về Sinh tố bơ Đắk Lắk,menu:m_065,menu:m_065;menu:m_067;menu:m_069;policy:allergen_safety;menu:m_068;menu:m_028;menu:m_064;menu:m_066;menu:m_021;policy:ordering_scope,0.5149029579284841,0.23012074475944605,0.23614599922439083,1.0,1.0,1.0,1.0,1.0,1.0,1.0
tfidf,exact_m_066,test,exact_name,Cho tôi thông tin về Nước ép dưa hấu,menu:m_066,menu:m_066;menu:m_081;menu:m_064;policy:allergen_safety;menu:m_070;menu:m_068;policy:ordering_scope;menu:m_067;menu:m_069;menu:m_065,0.4066699860523478,0.23012074475944605,0.22050300140108448,1.0,1.0,1.0,1.0,1.0,1.0,1.0
tfidf,exact_m_067,test,exact_name,Cho tôi thông tin về Sinh tố xoài Hòa Lộc,menu:m_067,menu:m_067;menu:m_079;menu:m_069;menu:m_065;policy:allergen_safety;menu:m_068;menu:m_064;menu:m_066;policy:ordering_scope;menu:m_070,0.5284364981336176,0.23012074475944605,0.27926199982175604,1.0,1.0,1.0,1.0,1.0,1.0,1.0
tfidf,exact_m_068,test,exact_name,Cho tôi thông tin về Nước rau má,menu:m_068,menu:m_068;policy:allergen_safety;policy:ordering_scope;menu:m_028;menu:m_038;menu:m_021;policy:parking;menu:m_019;menu:m_089;menu:m_057,0.3218282387839988,0.23012074475944605,0.2593610006442759,1.0,1.0,1.0,1.0,1.0,1.0,1.0
tfidf,exact_m_069,test,exact_name,Cho tôi thông tin về Sinh tố dâu tây Đà Lạt,menu:m_069,menu:m_069;menu:m_032;menu:m_065;menu:m_067;policy:allergen_safety;menu:m_070;menu:m_068;policy:parking;menu:m_064;menu:m_066,0.5893963891902487,0.23012074475944605,0.26444899958733004,1.0,1.0,1.0,1.0,1.0,1.0,1.0
tfidf,exact_m_071,test,exact_name,Cho tôi thông tin về Chè khúc bạch,menu:m_071,menu:m_071;policy:allergen_safety;menu:m_073;policy:ordering_scope;menu:m_075;menu:m_028;policy:parking;menu:m_019;menu:m_089;menu:m_057,0.43653276204877295,0.23012074475944605,0.29897200147388503,1.0,1.0,1.0,1.0,1.0,1.0,1.0
tfidf,exact_m_072,test,exact_name,Cho tôi thông tin về Bánh flan caramel,menu:m_072,menu:m_072;policy:allergen_safety;policy:ordering_scope;menu:m_038;menu:m_028;menu:m_076;menu:m_047;menu:m_004;policy:parking;menu:m_006,0.3971816302039605,0.23012074475944605,0.21655700038536452,1.0,1.0,1.0,1.0,1.0,1.0,1.0
tfidf,exact_m_073,test,exact_name,Cho tôi thông tin về Chè bưởi,menu:m_073,menu:m_073;policy:allergen_safety;menu:m_082;policy:ordering_scope;menu:m_075;menu:m_071;menu:m_028;policy:parking;menu:m_019;menu:m_089,0.32901176713433744,0.23012074475944605,0.28399899929354433,1.0,1.0,1.0,1.0,1.0,1.0,1.0
tfidf,exact_m_076,test,exact_name,Cho tôi thông tin về Bánh chuối nướng,menu:m_076,menu:m_076;policy:allergen_safety;policy:ordering_scope;menu:m_023;menu:m_036;menu:m_017;menu:m_040;menu:m_043;menu:m_028;menu:m_011,0.4282913568513785,0.23012074475944605,0.2418549993308261,1.0,1.0,1.0,1.0,1.0,1.0,1.0
tfidf,exact_m_077,test,exact_name,Cho tôi thông tin về Xôi xoài,menu:m_077,menu:m_077;policy:allergen_safety;menu:m_049;policy:ordering_scope;menu:m_079;menu:m_067;menu:m_005;menu:m_028;policy:parking;menu:m_019,0.26740344245481895,0.23012074475944605,0.22257599994190969,1.0,1.0,1.0,1.0,1.0,1.0,1.0
tfidf,exact_m_078,test,exact_name,Cho tôi thông tin về Đĩa trái cây theo mùa,menu:m_078,menu:m_078;policy:allergen_safety;menu:m_081;menu:m_082;menu:m_079;policy:ordering_scope;menu:m_083;menu:m_080;menu:m_084;policy:reservation,0.5241976224649735,0.23012074475944605,0.260884000454098,1.0,1.0,1.0,1.0,1.0,1.0,1.0
tfidf,exact_m_079,test,exact_name,Cho tôi thông tin về Xoài cát Hòa Lộc,menu:m_079,menu:m_079;menu:m_067;policy:allergen_safety;policy:ordering_scope;menu:m_077;menu:m_023;menu:m_038;menu:m_005;menu:m_028;menu:m_081,0.503646599783207,0.23012074475944605,0.21855000159121118,1.0,1.0,1.0,1.0,1.0,1.0,1.0
tfidf,exact_m_080,test,exact_name,Cho tôi thông tin về Sầu riêng Ri6,menu:m_080,menu:m_080;policy:allergen_safety;policy:ordering_scope;menu:m_028;policy:cancel_order;policy:parking;menu:m_019;menu:m_089;menu:m_057;menu:m_085,0.44214343036729875,0.23012074475944605,0.2198410002165474,1.0,1.0,1.0,1.0,1.0,1.0,1.0
tfidf,exact_m_081,test,exact_name,Cho tôi thông tin về Dưa hấu lạnh,menu:m_081,menu:m_081;menu:m_066;policy:allergen_safety;policy:ordering_scope;menu:m_063;menu:m_057;menu:m_028;menu:m_074;menu:m_071;policy:parking,0.3543450372035795,0.23012074475944605,0.22995700055616908,1.0,1.0,1.0,1.0,1.0,1.0,1.0
tfidf,exact_m_082,test,exact_name,Cho tôi thông tin về Bưởi da xanh Bến Tre,menu:m_082,menu:m_082;menu:m_073;policy:allergen_safety;policy:ordering_scope;menu:m_040;menu:m_038;menu:m_057;menu:m_021;menu:m_062;menu:m_028,0.5186638137498747,0.23012074475944605,0.28068299980077427,1.0,1.0,1.0,1.0,1.0,1.0,1.0
tfidf,exact_m_083,test,exact_name,Cho tôi thông tin về Thanh long Bình Thuận,menu:m_083,menu:m_083;policy:allergen_safety;policy:ordering_scope;menu:m_048;menu:m_061;policy:payment;menu:m_028;menu:m_088;policy:parking;menu:m_070,0.49391073495628585,0.23012074475944605,0.2545850002206862,1.0,1.0,1.0,1.0,1.0,1.0,1.0
tfidf,exact_m_084,test,exact_name,Cho tôi thông tin về Đu đủ chín mật ong,menu:m_084,menu:m_084;policy:allergen_safety;menu:m_036;menu:m_091;policy:ordering_scope;menu:m_015;menu:m_077;menu:m_028;menu:m_057;policy:availability,0.5535251794635865,0.23012074475944605,0.22625200108450372,1.0,1.0,1.0,1.0,1.0,1.0,1.0
tfidf,exact_m_086,test,exact_name,Cho tôi thông tin về Bia Hà Nội,menu:m_086,menu:m_086;menu:m_088;menu:m_090;menu:m_058;policy:allergen_safety;menu:m_049;menu:m_011;menu:m_002;menu:m_061;menu:m_085,0.38634879097703445,0.23012074475944605,0.2533630013203947,1.0,1.0,1.0,1.0,1.0,1.0,1.0
tfidf,exact_m_087,test,exact_name,Cho tôi thông tin về Bia Tiger Crystal,menu:m_087,menu:m_087;policy:allergen_safety;menu:m_085;policy:ordering_scope;menu:m_086;menu:m_088;menu:m_089;menu:m_028;policy:parking;menu:m_090,0.5108064204757713,0.23012074475944605,0.24126400057866704,1.0,1.0,1.0,1.0,1.0,1.0,1.0
tfidf,exact_m_088,test,exact_name,Cho tôi thông tin về Bia hơi Hà Nội,menu:m_088,menu:m_088;menu:m_086;menu:m_090;menu:m_058;policy:allergen_safety;menu:m_049;menu:m_011;menu:m_002;menu:m_061;menu:m_085,0.48432901654669125,0.23012074475944605,0.23816000066290144,1.0,1.0,1.0,1.0,1.0,1.0,1.0
tfidf,exact_m_091,test,exact_name,Cho tôi thông tin về Cocktail chanh đào mật ong,menu:m_091,menu:m_091;menu:m_036;menu:m_084;policy:allergen_safety;menu:m_060;menu:m_037;policy:ordering_scope;menu:m_015;menu:m_024;menu:m_028,0.6144702994819161,0.23012074475944605,0.29804000041622203,1.0,1.0,1.0,1.0,1.0,1.0,1.0
tfidf,multi_001,test,multi_intent,Quán có WiFi không và cho tôi xem phở bò tái nạm,policy:wifi;menu:m_008,menu:m_008;policy:wifi;menu:m_050;menu:m_028;menu:m_031;policy:parking;menu:m_021;policy:ai_role;policy:allergen_safety;menu:m_030,0.3492482491415926,0.23012074475944605,0.25286199888796546,1.0,1.0,1.0,1.0,1.0,1.0,1.0
tfidf,multi_002,test,multi_intent,"Thanh toán bằng VietQR thế nào, và quán có cơm chay không?",policy:payment;menu:m_051,policy:payment;policy:wifi;policy:ai_role;policy:allergen_safety;menu:m_050;menu:m_051;menu:m_053;menu:m_031;menu:m_056;menu:m_055,0.43165571134112624,0.23012074475944605,0.2246690000902163,1.0,1.0,1.0,0.5,1.0,0.8315546295836225,1.0
tfidf,multi_003,test,multi_intent,Tôi đậu ô tô ở đâu và có bia Hà Nội không?,policy:parking;menu:m_086,policy:parking;menu:m_086;menu:m_088;menu:m_090;menu:m_058;menu:m_011;menu:m_049;menu:m_002;menu:m_014;policy:allergen_safety,0.3322797262292049,0.23012074475944605,0.28244699933566153,1.0,1.0,1.0,1.0,1.0,1.0,1.0
tfidf,multi_004,test,multi_intent,Quán mở đến mấy giờ và còn trà sen Tây Hồ chứ?,policy:opening_hours;menu:m_061,menu:m_061;policy:opening_hours;policy:availability;policy:ai_role;menu:m_062;menu:m_090;menu:m_058;policy:reservation;menu:m_060;menu:m_022,0.4148615887839999,0.23012074475944605,0.26235599943902344,1.0,1.0,1.0,1.0,1.0,1.0,1.0
tfidf,neg_003,test,hard_negative,Giá cổ phiếu hôm nay tăng hay giảm?,,,0.15414327751881085,0.23012074475944605,0.22191500102053396,,,,,,,1.0
tfidf,neg_004,test,hard_negative,Giải phương trình bậc hai giúp tôi,,,0.12616239578759114,0.23012074475944605,0.2993620000779629,,,,,,,1.0
tfidf,neg_005,test,hard_negative,Đội bóng nào vô địch mùa này?,,,0.1050916424547579,0.23012074475944605,0.2692770012799883,,,,,,,1.0
tfidf,neg_006,test,hard_negative,Có nên mua bitcoin bây giờ không?,,,0.17716415362346732,0.23012074475944605,0.25883100170176476,,,,,,,1.0
tfidf,neg_007,test,hard_negative,Làm bài tập lịch sử cho tôi,,,0.11710407240256566,0.23012074475944605,0.26639200041245203,,,,,,,1.0
tfidf,neg_008,test,hard_negative,Tóm tắt tin tức quốc tế mới nhất,,,0.13019668927430653,0.23012074475944605,0.22243599960347638,,,,,,,1.0
tfidf,nodia_m_002,test,no_diacritic,quan co nem ran ha noi khong,menu:m_002,menu:m_002;menu:m_086;menu:m_058;policy:wifi;menu:m_090;menu:m_088;menu:m_049;menu:m_011;menu:m_014;menu:m_004,0.38245490196285153,0.23012074475944605,0.2299070001754444,1.0,1.0,1.0,1.0,1.0,1.0,1.0
tfidf,nodia_m_003,test,no_diacritic,quan co banh xeo mien tay khong,menu:m_003,menu:m_003;policy:wifi;menu:m_013;menu:m_035;menu:m_023;menu:m_082;menu:m_047;policy:allergen_safety;menu:m_043;menu:m_045,0.373713627916916,0.23012074475944605,0.26413900013722014,1.0,1.0,1.0,1.0,1.0,1.0,1.0
tfidf,nodia_m_005,test,no_diacritic,quan co goi xoai tom su khong,menu:m_005,menu:m_005;policy:wifi;menu:m_024;menu:m_077;policy:allergen_safety;menu:m_001;menu:m_079;menu:m_067;menu:m_052;menu:m_033,0.4435638142013363,0.23012074475944605,0.26569100009510294,1.0,1.0,1.0,1.0,1.0,1.0,1.0
tfidf,nodia_m_010,test,no_diacritic,quan co bun bo hue khong,menu:m_010,menu:m_010;policy:wifi;menu:m_056;menu:m_020;menu:m_008;menu:m_030;menu:m_021;policy:allergen_safety;menu:m_052;menu:m_011,0.3394010340398447,0.23012074475944605,0.27020800007449,1.0,1.0,1.0,1.0,1.0,1.0,1.0
tfidf,nodia_m_011,test,no_diacritic,quan co bun cha ha noi khong,menu:m_011,menu:m_011;menu:m_086;menu:m_058;menu:m_014;policy:wifi;menu:m_090;menu:m_088;menu:m_049;menu:m_002;menu:m_004,0.45212597039924735,0.23012074475944605,0.23178000083134975,1.0,1.0,1.0,1.0,1.0,1.0,1.0
tfidf,nodia_m_014,test,no_diacritic,quan co bun dau mam tom khong,menu:m_014,menu:m_014;policy:wifi;menu:m_013;menu:m_005;menu:m_001;menu:m_011;policy:allergen_safety;menu:m_056;menu:m_043;menu:m_033,0.39807218630118607,0.23012074475944605,0.29658799940079916,1.0,1.0,1.0,1.0,1.0,1.0,1.0
tfidf,nodia_m_018,test,no_diacritic,quan co com ca kho to khong,menu:m_018,menu:m_018;policy:wifi;menu:m_053;menu:m_019;menu:m_051;policy:allergen_safety;menu:m_064;policy:parking;menu:m_020;menu:m_017,0.49580686764804216,0.23012074475944605,0.20826500076509546,1.0,1.0,1.0,1.0,1.0,1.0,1.0
tfidf,nodia_m_019,test,no_diacritic,quan co com chien sai gon khong,menu:m_019,menu:m_019;menu:m_059;menu:m_070;menu:m_051;menu:m_015;menu:m_085;policy:wifi;menu:m_048;menu:m_006;menu:m_022,0.4076848554149932,0.23012074475944605,0.25233100132027175,1.0,1.0,1.0,1.0,1.0,1.0,1.0
tfidf,nodia_m_021,test,no_diacritic,quan co com bo luc lac khong,menu:m_021,menu:m_021;policy:wifi;policy:allergen_safety;menu:m_019;menu:m_008;menu:m_020;menu:m_030;menu:m_017;menu:m_016;policy:ai_role,0.4968165377653,0.23012074475944605,0.2162569999200059,1.0,1.0,1.0,1.0,1.0,1.0,1.0
tfidf,nodia_m_022,test,no_diacritic,quan co tom hum nuong mo hanh khong,menu:m_022,menu:m_022;policy:wifi;menu:m_049;policy:opening_hours;policy:allergen_safety;menu:m_043;menu:m_090;menu:m_076;menu:m_033;menu:m_036,0.56222436011489,0.23012074475944605,0.2455909998388961,1.0,1.0,1.0,1.0,1.0,1.0,1.0
tfidf,nodia_m_023,test,no_diacritic,quan co ca loc nuong trui khong,menu:m_023,menu:m_023;policy:wifi;menu:m_079;menu:m_067;menu:m_076;menu:m_036;policy:allergen_safety;menu:m_017;menu:m_040;policy:ai_role,0.47128551978964467,0.23012074475944605,0.24569100060034543,1.0,1.0,1.0,1.0,1.0,1.0,1.0
tfidf,nodia_m_024,test,no_diacritic,quan co tom rang muoi tay ninh khong,menu:m_024,menu:m_024;policy:wifi;menu:m_005;menu:m_040;menu:m_028;menu:m_013;menu:m_003;menu:m_025;menu:m_033;policy:allergen_safety,0.4848424803510237,0.23012074475944605,0.2536330011935206,1.0,1.0,1.0,1.0,1.0,1.0,1.0
tfidf,nodia_m_025,test,no_diacritic,quan co cua rang me khong,menu:m_025,menu:m_025;policy:wifi;menu:m_076;policy:opening_hours;menu:m_012;menu:m_028;menu:m_007;policy:ai_role;policy:allergen_safety;menu:m_024,0.37530156197371745,0.23012074475944605,0.28046399893355556,1.0,1.0,1.0,1.0,1.0,1.0,1.0
tfidf,nodia_m_026,test,no_diacritic,quan co muc xao sa te khong,menu:m_026,menu:m_026;menu:m_039;policy:wifi;menu:m_033;policy:allergen_safety;menu:m_027;menu:m_060;menu:m_074;policy:ai_role;menu:m_020,0.5184515056473888,0.23012074475944605,0.21457399998325855,1.0,1.0,1.0,1.0,1.0,1.0,1.0
tfidf,nodia_m_027,test,no_diacritic,quan co ngheu hap sa khong,menu:m_027,menu:m_027;policy:wifi;menu:m_037;menu:m_033;policy:allergen_safety;menu:m_039;menu:m_060;menu:m_074;policy:ai_role;menu:m_026,0.4748905664356123,0.23012074475944605,0.25439400087634567,1.0,1.0,1.0,1.0,1.0,1.0,1.0
tfidf,nodia_m_028,test,no_diacritic,quan co oc huong rang bo toi khong,menu:m_028,menu:m_028;policy:wifi;menu:m_021;policy:ai_role;menu:m_024;menu:m_031;menu:m_025;policy:allergen_safety;menu:m_008;policy:opening_hours,0.6267583872789684,0.23012074475944605,0.2378190001763869,1.0,1.0,1.0,1.0,1.0,1.0,1.0
tfidf,nodia_m_029,test,no_diacritic,quan co lau chua ca lang khong,menu:m_029,menu:m_029;policy:wifi;menu:m_033;menu:m_035;menu:m_031;menu:m_054;policy:allergen_safety;menu:m_030;menu:m_032;policy:ai_role,0.486082002285307,0.23012074475944605,0.22661200091533829,1.0,1.0,1.0,1.0,1.0,1.0,1.0
tfidf,nodia_m_030,test,no_diacritic,quan co lau bo nhung giam khong,menu:m_030,menu:m_030;policy:wifi;menu:m_031;menu:m_034;menu:m_033;policy:availability;menu:m_021;policy:allergen_safety;menu:m_035;menu:m_029,0.47815737187911855,0.23012074475944605,0.24111399943649303,1.0,1.0,1.0,1.0,1.0,1.0,1.0
tfidf,nodia_m_031,test,no_diacritic,quan co lau nam chay khong,menu:m_031,menu:m_031;menu:m_050;policy:wifi;menu:m_053;menu:m_056;menu:m_055;menu:m_051;menu:m_033;menu:m_052;policy:allergen_safety,0.3747076093348001,0.23012074475944605,0.24283699895022437,1.0,1.0,1.0,1.0,1.0,1.0,1.0
tfidf,nodia_m_032,test,no_diacritic,quan co lau ga la e da lat khong,menu:m_032,menu:m_032;menu:m_069;policy:wifi;menu:m_031;menu:m_037;menu:m_033;menu:m_035;menu:m_036;menu:m_040;menu:m_009,0.6171390186113931,0.23012074475944605,0.21084800027892925,1.0,1.0,1.0,1.0,1.0,1.0,1.0
tfidf,nodia_m_033,test,no_diacritic,quan co lau hai san chua cay khong,menu:m_033,menu:m_033;policy:wifi;menu:m_026;policy:allergen_safety;menu:m_025;menu:m_029;menu:m_027;menu:m_031;menu:m_028;menu:m_023,0.4706237683899732,0.23012074475944605,0.2665819993126206,1.0,1.0,1.0,1.0,1.0,1.0,1.0
tfidf,nodia_m_034,test,no_diacritic,quan co lau de thuoc bac khong,menu:m_034,menu:m_034;menu:m_041;policy:wifi;menu:m_029;policy:allergen_safety;menu:m_031;menu:m_033;policy:ai_role;menu:m_035;menu:m_030,0.4671768559971251,0.23012074475944605,0.28802499946323223,1.0,1.0,1.0,1.0,1.0,1.0,1.0
tfidf,nodia_m_035,test,no_diacritic,quan co lau mam mien tay khong,menu:m_035,menu:m_035;menu:m_013;menu:m_003;policy:wifi;menu:m_023;menu:m_082;menu:m_031;menu:m_032;menu:m_033;menu:m_044,0.4470811098092924,0.23012074475944605,0.21969199951854534,1.0,1.0,1.0,1.0,1.0,1.0,1.0
tfidf,nodia_m_036,test,no_diacritic,quan co ga nuong mat ong khong,menu:m_036,menu:m_036;menu:m_040;policy:wifi;menu:m_091;menu:m_084;menu:m_015;menu:m_076;menu:m_009;policy:allergen_safety;menu:m_017,0.4733467057175567,0.23012074475944605,0.26010300098278094,1.0,1.0,1.0,1.0,1.0,1.0,1.0
tfidf,nodia_m_038,test,no_diacritic,quan co canh ga chien nuoc mam khong,menu:m_038,menu:m_038;policy:wifi;menu:m_002;menu:m_016;menu:m_053;menu:m_009;menu:m_019;menu:m_051;menu:m_014;menu:m_003,0.553735367104156,0.23012074475944605,0.21808899873576593,1.0,1.0,1.0,1.0,1.0,1.0,1.0
tfidf,nodia_m_039,test,no_diacritic,quan co ga xao sa ot khong,menu:m_039,menu:m_039;menu:m_026;policy:wifi;menu:m_027;menu:m_056;menu:m_010;menu:m_040;menu:m_038;menu:m_009;policy:allergen_safety,0.5163358852932871,0.23012074475944605,0.24943700009316672,1.0,1.0,1.0,1.0,1.0,1.0,1.0
tfidf,nodia_m_041,test,no_diacritic,quan co ga tiem thuoc bac khong,menu:m_041,menu:m_041;menu:m_034;policy:wifi;menu:m_009;policy:allergen_safety;menu:m_036;menu:m_039;menu:m_031;policy:ai_role;menu:m_038,0.5609685274817965,0.23012074475944605,0.2322410000488162,1.0,1.0,1.0,1.0,1.0,1.0,1.0
tfidf,nodia_m_042,test,no_diacritic,quan co ga ro ti kieu viet khong,menu:m_042,menu:m_042;policy:wifi;menu:m_033;menu:m_016;menu:m_009;policy:allergen_safety;menu:m_036;menu:m_039;menu:m_031;policy:ai_role,0.6041112279879185,0.23012074475944605,0.21615599871438462,1.0,1.0,1.0,1.0,1.0,1.0,1.0
tfidf,nodia_m_043,test,no_diacritic,quan co mi quang tom thit khong,menu:m_043,menu:m_043;menu:m_055;policy:wifi;menu:m_001;menu:m_003;menu:m_046;menu:m_033;policy:allergen_safety;menu:m_034;menu:m_006,0.4847290489366878,0.23012074475944605,0.29900099980295636,1.0,1.0,1.0,1.0,1.0,1.0,1.0
tfidf,nodia_m_044,test,no_diacritic,quan co cao lau hoi an khong,menu:m_044,menu:m_044;menu:m_016;policy:wifi;menu:m_032;menu:m_030;menu:m_031;policy:allergen_safety;menu:m_034;menu:m_033;menu:m_088,0.5018603249068954,0.23012074475944605,0.2659420006239088,1.0,1.0,1.0,1.0,1.0,1.0,1.0
tfidf,nodia_m_045,test,no_diacritic,quan co be thui cau mong khong,menu:m_045,menu:m_045;policy:wifi;policy:allergen_safety;policy:cancel_order;policy:ai_role;menu:m_050;menu:m_004;menu:m_001;menu:m_030;policy:opening_hours,0.49962655641243836,0.23012074475944605,0.28120500064687803,1.0,1.0,1.0,1.0,1.0,1.0,1.0
tfidf,nodia_m_046,test,no_diacritic,quan co hu tieu nam vang khong,menu:m_046,menu:m_046;policy:wifi;menu:m_050;menu:m_031;menu:m_053;policy:allergen_safety;menu:m_056;menu:m_055;menu:m_054;menu:m_051,0.4440853535006435,0.23012074475944605,0.21845999981451314,1.0,1.0,1.0,1.0,1.0,1.0,1.0
tfidf,nodia_m_047,test,no_diacritic,quan co banh trang cuon thit heo khong,menu:m_047,menu:m_047;menu:m_001;policy:wifi;menu:m_045;menu:m_043;menu:m_004;menu:m_023;menu:m_003;menu:m_017;menu:m_076,0.5060049157531883,0.23012074475944605,0.24059299903456122,1.0,1.0,1.0,1.0,1.0,1.0,1.0
tfidf,nodia_m_048,test,no_diacritic,quan co chao long sai gon khong,menu:m_048,menu:m_048;menu:m_059;menu:m_070;menu:m_085;policy:wifi;menu:m_006;menu:m_015;menu:m_019;menu:m_083;policy:allergen_safety,0.43133998584975664,0.23012074475944605,0.2144940008292906,1.0,1.0,1.0,1.0,1.0,1.0,1.0
tfidf,nodia_m_050,test,no_diacritic,quan co pho chay nam dong co khong,menu:m_050,menu:m_050;menu:m_031;menu:m_053;policy:wifi;menu:m_056;menu:m_055;menu:m_051;menu:m_008;policy:opening_hours;menu:m_012,0.6418635999963371,0.23012074475944605,0.2643190000526374,1.0,1.0,1.0,1.0,1.0,1.0,1.0
tfidf,nodia_m_051,test,no_diacritic,quan co com chien chay ngu sac khong,menu:m_051,menu:m_051;menu:m_019;policy:wifi;menu:m_050;menu:m_017;menu:m_022;menu:m_054;menu:m_031;menu:m_056;menu:m_055,0.5024765057448939,0.23012074475944605,0.23054800112731755,1.0,1.0,1.0,1.0,1.0,1.0,1.0
tfidf,nodia_m_052,test,no_diacritic,quan co goi cuon chay khong,menu:m_052,menu:m_052;policy:wifi;menu:m_001;menu:m_050;policy:allergen_safety;menu:m_031;menu:m_056;menu:m_055;menu:m_047;menu:m_053,0.41030340987294706,0.23012074475944605,0.25359299979754724,1.0,1.0,1.0,1.0,1.0,1.0,1.0
tfidf,nodia_m_053,test,no_diacritic,quan co canh kho qua nhoi nam khong,menu:m_053,menu:m_053;policy:wifi;menu:m_050;menu:m_018;menu:m_031;menu:m_038;policy:allergen_safety;policy:ai_role;menu:m_046;menu:m_008,0.6381806526579707,0.23012074475944605,0.26075400091940537,1.0,1.0,1.0,1.0,1.0,1.0,1.0
tfidf,nodia_m_054,test,no_diacritic,quan co dau hu sot ca chua khong,menu:m_054,menu:m_054;menu:m_050;menu:m_012;policy:wifi;menu:m_051;menu:m_014;policy:allergen_safety;menu:m_052;menu:m_055;menu:m_056,0.5246626989019104,0.23012074475944605,0.2176589987357147,1.0,1.0,1.0,1.0,1.0,1.0,1.0
tfidf,nodia_m_056,test,no_diacritic,quan co bun chay hue khong,menu:m_056,menu:m_056;policy:wifi;menu:m_010;menu:m_050;menu:m_020;menu:m_052;menu:m_031;menu:m_055;menu:m_053;menu:m_051,0.45903015387552215,0.23012074475944605,0.2473540007486008,1.0,1.0,1.0,1.0,1.0,1.0,1.0
tfidf,nodia_m_057,test,no_diacritic,quan co ca phe sua da khong,menu:m_057,menu:m_057;menu:m_063;menu:m_058;menu:m_059;policy:wifi;menu:m_062;menu:m_060;menu:m_061;policy:cancel_order;policy:allergen_safety,0.4384965034549937,0.23012074475944605,0.25931100026355125,1.0,1.0,1.0,1.0,1.0,1.0,1.0
tfidf,nodia_m_060,test,no_diacritic,quan co tra dao cam sa khong,menu:m_060,menu:m_060;policy:wifi;menu:m_064;menu:m_089;menu:m_091;policy:allergen_safety;menu:m_027;menu:m_061;menu:m_039;menu:m_062,0.4715136717671148,0.23012074475944605,0.28604199906112626,1.0,1.0,1.0,1.0,1.0,1.0,1.0
tfidf,nodia_m_061,test,no_diacritic,quan co tra sen tay ho khong,menu:m_061,menu:m_061;policy:wifi;policy:ai_role;policy:allergen_safety;menu:m_060;menu:m_062;menu:m_082;policy:availability;menu:m_013;menu:m_035,0.5109294405471373,0.23012074475944605,0.22358699970936868,1.0,1.0,1.0,1.0,1.0,1.0,1.0
tfidf,nodia_m_062,test,no_diacritic,quan co tra sua tran chau khong,menu:m_062,menu:m_062;policy:wifi;menu:m_059;menu:m_057;policy:allergen_safety;menu:m_060;menu:m_061;policy:cancel_order;policy:availability;policy:ai_role,0.5259221712843034,0.23012074475944605,0.26692299979913514,1.0,1.0,1.0,1.0,1.0,1.0,1.0
tfidf,nodia_m_063,test,no_diacritic,quan co ca phe dua khong,menu:m_063,menu:m_063;menu:m_057;menu:m_058;policy:wifi;menu:m_059;menu:m_060;menu:m_061;menu:m_062;menu:m_018;policy:allergen_safety,0.3788774809888775,0.23012074475944605,0.22602100034418982,1.0,1.0,1.0,1.0,1.0,1.0,1.0
tfidf,nodia_m_065,test,no_diacritic,quan co sinh to bo dak lak khong,menu:m_065,menu:m_065;menu:m_067;policy:wifi;menu:m_069;menu:m_064;menu:m_068;menu:m_066;menu:m_070;menu:m_021;policy:allergen_safety,0.5675160572119744,0.23012074475944605,0.24179499996535014,1.0,1.0,1.0,1.0,1.0,1.0,1.0
tfidf,nodia_m_066,test,no_diacritic,quan co nuoc ep dua hau khong,menu:m_066,menu:m_066;menu:m_081;menu:m_064;policy:wifi;menu:m_070;menu:m_068;menu:m_067;menu:m_069;menu:m_065;policy:allergen_safety,0.4624254518389395,0.23012074475944605,0.214252999285236,1.0,1.0,1.0,1.0,1.0,1.0,1.0
tfidf,nodia_m_067,test,no_diacritic,quan co sinh to xoai hoa loc khong,menu:m_067,menu:m_067;menu:m_079;policy:wifi;menu:m_069;menu:m_065;menu:m_064;menu:m_068;menu:m_066;menu:m_070;menu:m_077,0.5858045502294864,0.23012074475944605,0.23651700030313805,1.0,1.0,1.0,1.0,1.0,1.0,1.0
tfidf,nodia_m_068,test,no_diacritic,quan co nuoc rau ma khong,menu:m_068,menu:m_068;policy:wifi;menu:m_050;policy:allergen_safety;menu:m_031;policy:ai_role;menu:m_064;policy:opening_hours;policy:availability;menu:m_082,0.37314154702110114,0.23012074475944605,0.21621599989885,1.0,1.0,1.0,1.0,1.0,1.0,1.0
tfidf,nodia_m_069,test,no_diacritic,quan co sinh to dau tay da lat khong,menu:m_069,menu:m_069;menu:m_032;menu:m_065;menu:m_067;policy:wifi;menu:m_064;menu:m_070;menu:m_068;menu:m_066;policy:parking,0.6487824841105471,0.23012074475944605,0.21420399934868328,1.0,1.0,1.0,1.0,1.0,1.0,1.0
tfidf,nodia_m_071,test,no_diacritic,quan co che khuc bach khong,menu:m_071,menu:m_071;policy:wifi;menu:m_073;menu:m_075;policy:allergen_safety;policy:ai_role;menu:m_050;policy:opening_hours;policy:availability;menu:m_082,0.49326947849323977,0.23012074475944605,0.21818900131620467,1.0,1.0,1.0,1.0,1.0,1.0,1.0
tfidf,nodia_m_072,test,no_diacritic,quan co banh flan caramel khong,menu:m_072,menu:m_072;policy:wifi;policy:allergen_safety;menu:m_038;policy:ai_role;menu:m_076;menu:m_047;menu:m_050;menu:m_004;menu:m_006,0.4521386778113143,0.23012074475944605,0.3189809995092219,1.0,1.0,1.0,1.0,1.0,1.0,1.0
tfidf,nodia_m_073,test,no_diacritic,quan co che buoi khong,menu:m_073,menu:m_073;policy:wifi;menu:m_082;menu:m_075;menu:m_071;policy:allergen_safety;policy:ai_role;menu:m_050;policy:opening_hours;policy:availability,0.38734695784499595,0.23012074475944605,0.2192110005125869,1.0,1.0,1.0,1.0,1.0,1.0,1.0
tfidf,nodia_m_076,test,no_diacritic,quan co banh chuoi nuong khong,menu:m_076,menu:m_076;policy:wifi;menu:m_023;menu:m_036;policy:allergen_safety;menu:m_017;menu:m_040;menu:m_043;policy:ai_role;menu:m_011,0.4907472583139379,0.23012074475944605,0.2648800000315532,1.0,1.0,1.0,1.0,1.0,1.0,1.0
tfidf,nodia_m_077,test,no_diacritic,quan co xoi xoai khong,menu:m_077,menu:m_077;policy:wifi;menu:m_049;menu:m_079;menu:m_067;menu:m_005;policy:allergen_safety;policy:ai_role;menu:m_050;policy:opening_hours,0.31543013591470614,0.23012074475944605,0.236767000387772,1.0,1.0,1.0,1.0,1.0,1.0,1.0
tfidf,nodia_m_078,test,no_diacritic,quan co dia trai cay theo mua khong,menu:m_078,menu:m_078;policy:wifi;menu:m_082;menu:m_081;menu:m_079;menu:m_083;menu:m_080;menu:m_084;menu:m_033;policy:allergen_safety,0.5774590768429665,0.23012074475944605,0.28284699874348007,1.0,1.0,1.0,1.0,1.0,1.0,1.0
tfidf,nodia_m_079,test,no_diacritic,quan co xoai cat hoa loc khong,menu:m_079,menu:m_079;menu:m_067;policy:wifi;menu:m_077;menu:m_023;menu:m_005;policy:allergen_safety;policy:ai_role;menu:m_081;menu:m_050,0.565608013394295,0.23012074475944605,0.2556059989728965,1.0,1.0,1.0,1.0,1.0,1.0,1.0
tfidf,nodia_m_080,test,no_diacritic,quan co sau rieng ri6 khong,menu:m_080,menu:m_080;policy:wifi;policy:cancel_order;policy:allergen_safety;policy:ai_role;menu:m_050;policy:opening_hours;policy:availability;menu:m_082;menu:m_064,0.4996093724853626,0.23012074475944605,0.21638699945469853,1.0,1.0,1.0,1.0,1.0,1.0,1.0
tfidf,nodia_m_081,test,no_diacritic,quan co dua hau lanh khong,menu:m_081,menu:m_081;menu:m_066;policy:wifi;menu:m_063;policy:allergen_safety;menu:m_074;menu:m_071;policy:ai_role;menu:m_050;policy:opening_hours,0.40840543664656265,0.23012074475944605,0.28787500014004763,1.0,1.0,1.0,1.0,1.0,1.0,1.0
tfidf,nodia_m_082,test,no_diacritic,quan co buoi da xanh ben tre khong,menu:m_082,menu:m_082;policy:wifi;menu:m_073;menu:m_040;policy:allergen_safety;menu:m_062;policy:ai_role;menu:m_072;menu:m_050;menu:m_038,0.5976562551522335,0.23012074475944605,0.23998200049391016,1.0,1.0,1.0,1.0,1.0,1.0,1.0
tfidf,nodia_m_083,test,no_diacritic,quan co thanh long binh thuan khong,menu:m_083,menu:m_083;policy:wifi;menu:m_048;policy:allergen_safety;policy:ai_role;menu:m_082;policy:payment;menu:m_088;menu:m_050;menu:m_053,0.550223165291586,0.23012074475944605,0.2200620001531206,1.0,1.0,1.0,1.0,1.0,1.0,1.0
tfidf,nodia_m_084,test,no_diacritic,quan co du du chin mat ong khong,menu:m_084,menu:m_084;menu:m_036;policy:wifi;menu:m_091;policy:allergen_safety;menu:m_015;policy:availability;menu:m_077;policy:ai_role;menu:m_079,0.6073438384104927,0.23012074475944605,0.2666830005182419,1.0,1.0,1.0,1.0,1.0,1.0,1.0
tfidf,nodia_m_086,test,no_diacritic,quan co bia ha noi khong,menu:m_086,menu:m_086;menu:m_088;menu:m_090;menu:m_058;policy:wifi;menu:m_049;menu:m_011;menu:m_002;menu:m_087;menu:m_014,0.452636771076691,0.23012074475944605,0.22138399981486145,1.0,1.0,1.0,1.0,1.0,1.0,1.0
tfidf,nodia_m_087,test,no_diacritic,quan co bia tiger crystal khong,menu:m_087,menu:m_087;policy:wifi;menu:m_086;menu:m_088;menu:m_085;policy:allergen_safety;policy:ai_role;menu:m_050;menu:m_089;menu:m_090,0.5790679508252942,0.23012074475944605,0.2446590006002225,1.0,1.0,1.0,1.0,1.0,1.0,1.0
tfidf,nodia_m_088,test,no_diacritic,quan co bia hoi ha noi khong,menu:m_088,menu:m_088;menu:m_086;menu:m_090;policy:wifi;menu:m_058;menu:m_049;menu:m_011;menu:m_002;menu:m_087;menu:m_014,0.5505831651651524,0.23012074475944605,0.26676300149119925,1.0,1.0,1.0,1.0,1.0,1.0,1.0
tfidf,nodia_m_091,test,no_diacritic,quan co cocktail chanh dao mat ong khong,menu:m_091,menu:m_091;menu:m_036;policy:wifi;menu:m_084;menu:m_060;menu:m_037;menu:m_015;policy:allergen_safety;policy:ai_role;menu:m_024,0.6757718495428182,0.23012074475944605,0.2842600006260909,1.0,1.0,1.0,1.0,1.0,1.0,1.0
tfidf,pol_001,test,policy_paraphrase,Bạn chốt đơn rồi gửi xuống bếp giúp mình nhé,policy:ai_role,policy:cancel_order;policy:ai_role;policy:reservation;menu:m_019;menu:m_008;policy:ordering_scope;menu:m_086;menu:m_087;menu:m_072;menu:m_014,0.19858061862534698,0.23012074475944605,0.22467900089395698,0.0,1.0,1.0,1.0,0.5,0.6309297535714575,0.0
tfidf,pol_002,test,policy_paraphrase,AI có thể tự mua và trả tiền hộ tôi không?,policy:ai_role,policy:ai_role;policy:payment;policy:cancel_order;policy:wifi;menu:m_061;policy:opening_hours;policy:parking;menu:m_062;policy:allergen_safety;menu:m_078,0.24417924167706134,0.23012074475944605,0.26678300127969123,1.0,1.0,1.0,1.0,1.0,1.0,1.0
tfidf,pol_003,test,policy_paraphrase,Tôi đặt đồ rồi ghé quán lấy sau được không?,policy:ordering_scope,policy:wifi;policy:availability;policy:ai_role;policy:ordering_scope;menu:m_080;policy:cancel_order;policy:reservation;policy:allergen_safety;menu:m_082;menu:m_028,0.16307762390876052,0.23012074475944605,0.24664199918333907,0.0,0.0,1.0,1.0,0.25,0.43067655807339306,0.0
tfidf,pol_004,test,policy_paraphrase,Ở đây trả tiền theo những cách nào?,policy:payment,policy:payment;policy:parking;menu:m_078;menu:m_030;menu:m_060;menu:m_080;menu:m_061;menu:m_062;policy:availability;policy:reservation,0.13876351127049227,0.23012074475944605,0.23662700004933868,1.0,1.0,1.0,1.0,1.0,1.0,0.0
tfidf,pol_005,test,policy_paraphrase,Tối muộn khoảng mười giờ quán còn phục vụ chứ?,policy:opening_hours,policy:opening_hours;policy:availability;policy:reservation;menu:m_024;menu:m_040;policy:ai_role;menu:m_028;policy:wifi;menu:m_010;menu:m_037,0.22621640909780147,0.23012074475944605,0.23053799850458745,1.0,1.0,1.0,1.0,1.0,1.0,0.0
tfidf,pol_007,test,policy_paraphrase,Nếu đi ô tô thì tôi để xe chỗ nào?,policy:parking,policy:parking;policy:allergen_safety;menu:m_034;menu:m_028;menu:m_067;menu:m_049;menu:m_069;menu:m_016;menu:m_018;menu:m_065,0.379887060110918,0.23012074475944605,0.24918599956436083,1.0,1.0,1.0,1.0,1.0,1.0,1.0
tfidf,pol_009,test,policy_paraphrase,Món đã gửi xuống bếp rồi có đổi lại được không?,policy:cancel_order,policy:cancel_order;policy:availability;policy:ai_role;policy:wifi;policy:allergen_safety;menu:m_050;menu:m_082;policy:parking;menu:m_019;menu:m_008,0.24229345923775397,0.23012074475944605,0.31385399961436633,1.0,1.0,1.0,1.0,1.0,1.0,1.0
tfidf,pol_010,test,policy_paraphrase,"Tôi dị ứng nặng, thông tin thành phần trên menu có bảo đảm tuyệt đối không?",policy:allergen_safety,policy:allergen_safety;policy:ai_role;policy:cancel_order;policy:payment;menu:m_061;menu:m_033;menu:m_047;policy:wifi;menu:m_085;policy:opening_hours,0.5290634877810327,0.23012074475944605,0.2755660007096594,1.0,1.0,1.0,1.0,1.0,1.0,1.0
tfidf,sem_002,test,semantic_paraphrase,Có thức uống mát nào vừa có cam vừa thơm mùi sả không?,menu:m_060,menu:m_060;menu:m_059;menu:m_039;menu:m_026;menu:m_064;policy:wifi;menu:m_010;menu:m_089;menu:m_050;policy:payment,0.16186106430253572,0.23012074475944605,0.28126400138717145,1.0,1.0,1.0,1.0,1.0,1.0,0.0
tfidf,sem_003,test,semantic_paraphrase,Tìm giúp món chay dạng canh thanh mát có rau củ,menu:m_053,menu:m_053;menu:m_031;menu:m_050;menu:m_056;menu:m_055;menu:m_052;menu:m_068;menu:m_051;menu:m_054;menu:m_086,0.32655903649374074,0.23012074475944605,0.3280849996372126,1.0,1.0,1.0,1.0,1.0,1.0,1.0
tfidf,sem_004,test,semantic_paraphrase,Tôi muốn món chay dạng nước có vị sả ớt kiểu Huế,menu:m_056,menu:m_056;menu:m_039;menu:m_010;menu:m_050;menu:m_027;menu:m_055;menu:m_052;menu:m_051;menu:m_053;menu:m_020,0.4029175052520419,0.23012074475944605,0.2315399997314671,1.0,1.0,1.0,1.0,1.0,1.0,1.0
tfidf,sem_006,test,semantic_paraphrase,Món sợi dai đặc sản Hội An ăn cùng thịt xá xíu,menu:m_044,menu:m_044;menu:m_016;menu:m_043;menu:m_048;menu:m_070;menu:m_047;menu:m_046;menu:m_045;menu:m_049;menu:m_059,0.640349518086847,0.23012074475944605,0.261895000221557,1.0,1.0,1.0,1.0,1.0,1.0,1.0
tfidf,sem_007,test,semantic_paraphrase,"Món gà nước thanh, mềm và phù hợp cho người lớn tuổi",menu:m_041,menu:m_041;menu:m_036;menu:m_038;menu:m_042;menu:m_039;menu:m_040;menu:m_037;menu:m_086;menu:m_087;menu:m_009,0.1857767332782691,0.23012074475944605,0.40431100023852196,1.0,1.0,1.0,1.0,1.0,1.0,0.0
tfidf,sem_008,test,semantic_paraphrase,Hải sản sốt chua ngọt có thể ăn kèm bánh mì nóng,menu:m_025,menu:m_025;menu:m_006;menu:m_033;menu:m_022;menu:m_004;menu:m_034;menu:m_054;menu:m_043;policy:wifi;menu:m_090,0.49381660610026024,0.23012074475944605,0.23705800049356185,1.0,1.0,1.0,1.0,1.0,1.0,1.0
tfidf,sem_009,test,semantic_paraphrase,Buổi tối muộn tôi muốn một món cháo nóng có lòng heo,menu:m_048,menu:m_048;menu:m_073;menu:m_021;menu:m_082;menu:m_083;menu:m_028;menu:m_038;policy:ai_role;menu:m_050;menu:m_017,0.3494773244333478,0.23012074475944605,0.2195310007664375,1.0,1.0,1.0,1.0,1.0,1.0,1.0
tfidf,sem_010,test,semantic_paraphrase,Tráng miệng lạnh có hạnh nhân và vải thiều,menu:m_071,menu:m_071;menu:m_075;menu:m_073;menu:m_074;menu:m_077;menu:m_076;menu:m_072;menu:m_081;policy:ai_role;policy:allergen_safety,0.4046916661701683,0.23012074475944605,0.22458900093624834,1.0,1.0,1.0,1.0,1.0,1.0,1.0
tfidf,sem_012,test,semantic_paraphrase,Món gà chiên giòn vị nước mắm phù hợp cho trẻ em,menu:m_038,menu:m_038;menu:m_002;menu:m_036;menu:m_062;menu:m_072;menu:m_040;menu:m_014;menu:m_054;menu:m_041;menu:m_016,0.5052348805589008,0.23012074475944605,0.29451499904098455,1.0,1.0,1.0,1.0,1.0,1.0,1.0
tfidf,sem_013,test,semantic_paraphrase,Nhóm tôi muốn ăn lẩu hoàn toàn không có thịt,menu:m_031,menu:m_044;policy:ai_role;policy:allergen_safety;menu:m_034;policy:payment;menu:m_030;menu:m_031;menu:m_033;menu:m_035;policy:wifi,0.16039755854775145,0.23012074475944605,0.24111400125548244,0.0,0.0,0.0,0.0,0.14285714285714285,0.3333333333333333,0.0
tfidf,sem_014,test,semantic_paraphrase,Đi bốn người muốn ăn lẩu bò có vị chua dịu,menu:m_030,menu:m_030;menu:m_029;policy:allergen_safety;menu:m_033;menu:m_034;menu:m_044;menu:m_031;menu:m_041;menu:m_021;menu:m_035,0.3107319113474977,0.23012074475944605,0.22806400011177175,1.0,1.0,1.0,1.0,1.0,1.0,1.0
tfidf,sem_015,test,semantic_paraphrase,Thức uống lên men bình dân đặc trưng Hà Nội,menu:m_088,menu:m_088;menu:m_058;menu:m_090;menu:m_059;menu:m_086;menu:m_049;menu:m_002;menu:m_070;menu:m_011;menu:m_006,0.28804168641807226,0.23012074475944605,0.2650599999469705,1.0,1.0,1.0,1.0,1.0,1.0,1.0
tfidf,sem_017,test,semantic_paraphrase,"Món cuốn không thịt có đậu hũ, rau thơm và bơ",menu:m_052,menu:m_052;menu:m_050;menu:m_054;menu:m_055;menu:m_001;menu:m_012;menu:m_034;policy:allergen_safety;menu:m_056;menu:m_047,0.30313951106207654,0.23012074475944605,0.22341799922287464,1.0,1.0,1.0,1.0,1.0,1.0,1.0
bm25,category_cat_alcohol,test,category_intent,Gợi ý các món thuộc nhóm Bia & Rượu,menu:m_085;menu:m_086;menu:m_087;menu:m_088;menu:m_089;menu:m_090;menu:m_091,menu:m_087;menu:m_086;menu:m_089;menu:m_088;menu:m_090;menu:m_085;menu:m_041;menu:m_052;menu:m_034;menu:m_091,9.21673667818812,9.618426854874333,0.07169799937400967,1.0,1.0,1.0,0.7142857142857143,1.0,0.9878316351280038,0.0
bm25,category_cat_appetizer,test,category_intent,Gợi ý các món thuộc nhóm Khai vị,menu:m_001;menu:m_002;menu:m_003;menu:m_004;menu:m_005;menu:m_006;menu:m_007,menu:m_005;menu:m_041;menu:m_001;menu:m_052;policy:ordering_scope;menu:m_034;menu:m_007;menu:m_003;menu:m_004;menu:m_002,8.586631222675855,9.618426854874333,0.06283500079007354,1.0,1.0,1.0,0.2857142857142857,1.0,0.7528568729084072,0.0
bm25,category_cat_dessert,test,category_intent,Gợi ý các món thuộc nhóm Tráng miệng,menu:m_071;menu:m_072;menu:m_073;menu:m_074;menu:m_075;menu:m_076;menu:m_077,menu:m_041;menu:m_052;policy:availability;menu:m_034;menu:m_001;menu:m_073;policy:ordering_scope;menu:m_072;menu:m_077;menu:m_076,8.521667033194452,9.618426854874333,0.07276999895111658,0.0,0.0,0.0,0.0,0.16666666666666666,0.346829854582175,0.0
bm25,category_cat_drink,test,category_intent,Gợi ý các món thuộc nhóm Cà phê & Trà,menu:m_057;menu:m_058;menu:m_059;menu:m_060;menu:m_061;menu:m_062;menu:m_063,menu:m_063;menu:m_057;menu:m_058;menu:m_060;menu:m_061;menu:m_062;menu:m_059;menu:m_041;menu:m_052;menu:m_034,12.736284989463103,9.618426854874333,0.07124799958546646,1.0,1.0,1.0,0.7142857142857143,1.0,1.0,1.0
bm25,category_cat_fruit,test,category_intent,Gợi ý các món thuộc nhóm Trái cây tươi,menu:m_078;menu:m_079;menu:m_080;menu:m_081;menu:m_082;menu:m_083;menu:m_084,menu:m_078;menu:m_041;menu:m_052;menu:m_083;menu:m_034;menu:m_081;menu:m_079;menu:m_080;menu:m_082;menu:m_084,12.184740978234176,9.618426854874333,0.08470800094073638,1.0,1.0,1.0,0.2857142857142857,1.0,0.8317144247565925,1.0
bm25,category_cat_hotpot,test,category_intent,Gợi ý các món thuộc nhóm Lẩu,menu:m_029;menu:m_030;menu:m_031;menu:m_032;menu:m_033;menu:m_034;menu:m_035,menu:m_034;menu:m_041;menu:m_052;menu:m_029;menu:m_035;menu:m_030;menu:m_032;menu:m_031;policy:ordering_scope;menu:m_044,11.542214829304834,9.618426854874333,0.06039099935151171,1.0,1.0,1.0,0.42857142857142855,1.0,0.7758480050487347,1.0
bm25,category_cat_main,test,category_intent,Gợi ý các món thuộc nhóm Cơm Việt,menu:m_015;menu:m_016;menu:m_017;menu:m_018;menu:m_019;menu:m_020;menu:m_021,menu:m_041;menu:m_020;menu:m_019;menu:m_052;menu:m_017;menu:m_018;menu:m_021;menu:m_016;menu:m_034;menu:m_015,8.521667033194452,9.618426854874333,0.062154000261216424,0.0,1.0,1.0,0.42857142857142855,0.5,0.7729117820572333,0.0
bm25,category_cat_noodle,test,category_intent,Gợi ý các món thuộc nhóm Phở & Bún,menu:m_008;menu:m_009;menu:m_010;menu:m_011;menu:m_012;menu:m_013;menu:m_014,menu:m_014;menu:m_052;menu:m_041;menu:m_001;menu:m_009;menu:m_011;menu:m_034;menu:m_012;menu:m_010;menu:m_008,11.050985949878976,9.618426854874333,0.06367600144585595,1.0,1.0,1.0,0.2857142857142857,1.0,0.7280428685266958,1.0
bm25,category_cat_regional,test,category_intent,Gợi ý các món thuộc nhóm Đặc sản vùng miền,menu:m_043;menu:m_044;menu:m_045;menu:m_046;menu:m_047;menu:m_048;menu:m_049,menu:m_043;menu:m_046;menu:m_045;menu:m_044;menu:m_041;menu:m_049;menu:m_047;menu:m_048;menu:m_052;menu:m_034,9.127719787944647,9.618426854874333,0.09071699969354086,1.0,1.0,1.0,0.5714285714285714,1.0,0.9803771474638899,0.0
bm25,category_cat_seafood,test,category_intent,Gợi ý các món thuộc nhóm Hải sản,menu:m_022;menu:m_023;menu:m_024;menu:m_025;menu:m_026;menu:m_027;menu:m_028,menu:m_041;menu:m_033;menu:m_052;menu:m_034;policy:allergen_safety;policy:ordering_scope;menu:m_027;menu:m_028;menu:m_025;menu:m_014,8.521667033194452,9.618426854874333,0.06786199992347974,0.0,0.0,0.0,0.0,0.14285714285714285,0.2610852941042034,0.0
bm25,exact_m_002,test,exact_name,Cho tôi thông tin về Nem rán Hà Nội,menu:m_002,menu:m_002;menu:m_058;menu:m_086;menu:m_088;menu:m_090;menu:m_049;menu:m_011;policy:allergen_safety;menu:m_014;menu:m_061,19.470390730745603,9.618426854874333,0.07804800043231808,1.0,1.0,1.0,1.0,1.0,1.0,1.0
bm25,exact_m_003,test,exact_name,Cho tôi thông tin về Bánh xèo miền Tây,menu:m_003,menu:m_003;menu:m_035;menu:m_013;policy:allergen_safety;menu:m_023;policy:ordering_scope;menu:m_061;menu:m_047;menu:m_024;policy:parking,16.76082228440828,9.618426854874333,0.07280000136233866,1.0,1.0,1.0,1.0,1.0,1.0,1.0
bm25,exact_m_005,test,exact_name,Cho tôi thông tin về Gỏi xoài tôm sú,menu:m_005,menu:m_005;menu:m_024;policy:allergen_safety;policy:ordering_scope;menu:m_001;menu:m_077;menu:m_079;menu:m_067;menu:m_052;menu:m_019,20.9635843377165,9.618426854874333,0.059100000726175494,1.0,1.0,1.0,1.0,1.0,1.0,1.0
bm25,exact_m_010,test,exact_name,Cho tôi thông tin về Bún bò Huế,menu:m_010,menu:m_010;menu:m_056;menu:m_028;policy:allergen_safety;menu:m_021;menu:m_008;menu:m_030;menu:m_020;policy:ordering_scope;menu:m_052,15.78002190441863,9.618426854874333,0.05991000034555327,1.0,1.0,1.0,1.0,1.0,1.0,1.0
bm25,exact_m_011,test,exact_name,Cho tôi thông tin về Bún chả Hà Nội,menu:m_011,menu:m_011;menu:m_014;menu:m_058;menu:m_086;menu:m_088;menu:m_090;menu:m_049;policy:allergen_safety;menu:m_002;menu:m_061,19.45178902903264,9.618426854874333,0.06897400089656003,1.0,1.0,1.0,1.0,1.0,1.0,1.0
bm25,exact_m_014,test,exact_name,Cho tôi thông tin về Bún đậu mắm tôm,menu:m_014,menu:m_014;menu:m_013;policy:allergen_safety;menu:m_005;policy:parking;menu:m_001;menu:m_024;menu:m_019;policy:ordering_scope;menu:m_011,16.605758640790626,9.618426854874333,0.08337600047525484,1.0,1.0,1.0,1.0,1.0,1.0,1.0
bm25,exact_m_018,test,exact_name,Cho tôi thông tin về Cơm cá kho tộ,menu:m_018,menu:m_018;menu:m_019;policy:allergen_safety;menu:m_021;policy:parking;policy:ordering_scope;menu:m_057;menu:m_053;menu:m_051;menu:m_028,21.296182890267136,9.618426854874333,0.07116699998732656,1.0,1.0,1.0,1.0,1.0,1.0,1.0
bm25,exact_m_019,test,exact_name,Cho tôi thông tin về Cơm chiên Sài Gòn,menu:m_019,menu:m_019;menu:m_085;menu:m_015;menu:m_059;menu:m_070;menu:m_051;menu:m_048;menu:m_006;policy:allergen_safety;menu:m_038,21.721748293331604,9.618426854874333,0.06333599958452396,1.0,1.0,1.0,1.0,1.0,1.0,1.0
bm25,exact_m_021,test,exact_name,Cho tôi thông tin về Cơm bò lúc lắc,menu:m_021,menu:m_021;menu:m_028;policy:allergen_safety;menu:m_019;policy:ordering_scope;menu:m_008;menu:m_030;menu:m_020;menu:m_017;menu:m_018,27.818469770498723,9.618426854874333,0.059500000133994035,1.0,1.0,1.0,1.0,1.0,1.0,1.0
bm25,exact_m_022,test,exact_name,Cho tôi thông tin về Tôm hùm nướng mỡ hành,menu:m_022,menu:m_022;policy:allergen_safety;policy:opening_hours;menu:m_024;policy:ordering_scope;menu:m_043;menu:m_049;menu:m_090;menu:m_076;menu:m_017,25.775932899006403,9.618426854874333,0.07122799979697447,1.0,1.0,1.0,1.0,1.0,1.0,1.0
bm25,exact_m_023,test,exact_name,Cho tôi thông tin về Cá lóc nướng trui,menu:m_023,menu:m_023;policy:allergen_safety;policy:ordering_scope;menu:m_057;menu:m_079;menu:m_067;menu:m_076;menu:m_017;menu:m_036;menu:m_040,20.247000288822672,9.618426854874333,0.06638999911956489,1.0,1.0,1.0,1.0,1.0,1.0,1.0
bm25,exact_m_024,test,exact_name,Cho tôi thông tin về Tôm rang muối Tây Ninh,menu:m_024,menu:m_024;menu:m_028;policy:allergen_safety;menu:m_005;policy:ordering_scope;menu:m_061;menu:m_013;menu:m_003;menu:m_040;menu:m_025,27.591637946693947,9.618426854874333,0.06794299952161964,1.0,1.0,1.0,1.0,1.0,1.0,1.0
bm25,exact_m_025,test,exact_name,Cho tôi thông tin về Cua rang me,menu:m_025,menu:m_025;menu:m_028;policy:allergen_safety;menu:m_024;policy:opening_hours;menu:m_076;policy:ordering_scope;menu:m_012;menu:m_007;policy:parking,17.594547098757893,9.618426854874333,0.05347099977370817,1.0,1.0,1.0,1.0,1.0,1.0,1.0
bm25,exact_m_026,test,exact_name,Cho tôi thông tin về Mực xào sa tế,menu:m_026,menu:m_026;menu:m_039;policy:allergen_safety;policy:ordering_scope;menu:m_027;menu:m_028;menu:m_074;menu:m_060;policy:parking;menu:m_020,25.08256272135826,9.618426854874333,0.056955999752972275,1.0,1.0,1.0,1.0,1.0,1.0,1.0
bm25,exact_m_027,test,exact_name,Cho tôi thông tin về Nghêu hấp sả,menu:m_027,menu:m_027;policy:allergen_safety;policy:ordering_scope;menu:m_037;menu:m_028;menu:m_039;menu:m_074;menu:m_060;menu:m_026;policy:parking,19.304087155579282,9.618426854874333,0.05672599945683032,1.0,1.0,1.0,1.0,1.0,1.0,1.0
bm25,exact_m_028,test,exact_name,Cho tôi thông tin về Ốc hương rang bơ tỏi,menu:m_028,menu:m_028;policy:allergen_safety;menu:m_021;menu:m_024;policy:ordering_scope;menu:m_025;menu:m_008;menu:m_030;menu:m_010;menu:m_065,29.877807909884112,9.618426854874333,0.060120999478385784,1.0,1.0,1.0,1.0,1.0,1.0,1.0
bm25,exact_m_029,test,exact_name,Cho tôi thông tin về Lẩu chua cá lăng,menu:m_029,menu:m_029;menu:m_033;policy:allergen_safety;policy:ordering_scope;menu:m_054;menu:m_035;menu:m_057;menu:m_030;menu:m_032;menu:m_028,21.06188529742528,9.618426854874333,0.07182899935287423,1.0,1.0,1.0,1.0,1.0,1.0,1.0
bm25,exact_m_030,test,exact_name,Cho tôi thông tin về Lẩu bò nhúng giấm,menu:m_030,menu:m_030;menu:m_028;policy:allergen_safety;menu:m_021;menu:m_034;policy:ordering_scope;menu:m_029;menu:m_035;menu:m_032;menu:m_008,24.305698777628134,9.618426854874333,0.05744699956267141,1.0,1.0,1.0,1.0,1.0,1.0,1.0
bm25,exact_m_031,test,exact_name,Cho tôi thông tin về Lẩu nấm chay,menu:m_031,menu:m_031;menu:m_050;policy:allergen_safety;menu:m_056;menu:m_055;menu:m_053;menu:m_051;policy:ordering_scope;menu:m_052;menu:m_029,15.487539334892796,9.618426854874333,0.0635859996691579,1.0,1.0,1.0,1.0,1.0,1.0,1.0
bm25,exact_m_032,test,exact_name,Cho tôi thông tin về Lẩu gà lá é Đà Lạt,menu:m_032,menu:m_032;menu:m_069;menu:m_037;policy:allergen_safety;menu:m_038;menu:m_031;policy:ordering_scope;menu:m_035;menu:m_036;menu:m_040,31.598319152748683,9.618426854874333,0.08875399907992687,1.0,1.0,1.0,1.0,1.0,1.0,1.0
bm25,exact_m_033,test,exact_name,Cho tôi thông tin về Lẩu hải sản chua cay,menu:m_033,menu:m_033;policy:allergen_safety;menu:m_029;menu:m_028;policy:ordering_scope;menu:m_026;menu:m_024;menu:m_044;menu:m_025;menu:m_035,21.4559602214141,9.618426854874333,0.08535899905837141,1.0,1.0,1.0,1.0,1.0,1.0,1.0
bm25,exact_m_034,test,exact_name,Cho tôi thông tin về Lẩu dê thuốc bắc,menu:m_034,menu:m_034;menu:m_041;policy:allergen_safety;menu:m_029;policy:ordering_scope;policy:parking;menu:m_035;menu:m_030;menu:m_032;menu:m_028,22.61278953287656,9.618426854874333,0.06499800110759679,1.0,1.0,1.0,1.0,1.0,1.0,1.0
bm25,exact_m_035,test,exact_name,Cho tôi thông tin về Lẩu mắm miền Tây,menu:m_035,menu:m_035;menu:m_013;menu:m_003;policy:allergen_safety;menu:m_023;menu:m_032;policy:ordering_scope;menu:m_038;menu:m_061;menu:m_044,18.34039640866947,9.618426854874333,0.07804699998814613,1.0,1.0,1.0,1.0,1.0,1.0,1.0
bm25,exact_m_036,test,exact_name,Cho tôi thông tin về Gà nướng mật ong,menu:m_036,menu:m_036;menu:m_040;menu:m_091;menu:m_084;policy:allergen_safety;menu:m_038;policy:ordering_scope;menu:m_015;menu:m_076;menu:m_017,19.4952137017178,9.618426854874333,0.07734700011496898,1.0,1.0,1.0,1.0,1.0,1.0,1.0
bm25,exact_m_038,test,exact_name,Cho tôi thông tin về Cánh gà chiên nước mắm,menu:m_038,menu:m_038;policy:allergen_safety;menu:m_019;menu:m_016;policy:ordering_scope;menu:m_053;menu:m_002;menu:m_014;menu:m_009;menu:m_041,26.69537228551541,9.618426854874333,0.09105800018005539,1.0,1.0,1.0,1.0,1.0,1.0,1.0
bm25,exact_m_039,test,exact_name,Cho tôi thông tin về Gà xào sả ớt,menu:m_039,menu:m_039;menu:m_026;menu:m_038;menu:m_040;policy:allergen_safety;menu:m_027;policy:ordering_scope;menu:m_056;menu:m_009;menu:m_028,22.268204294931284,9.618426854874333,0.06605900125578046,1.0,1.0,1.0,1.0,1.0,1.0,1.0
bm25,exact_m_041,test,exact_name,Cho tôi thông tin về Gà tiềm thuốc bắc,menu:m_041,menu:m_041;menu:m_034;policy:allergen_safety;menu:m_038;policy:ordering_scope;menu:m_009;menu:m_028;menu:m_039;menu:m_036;menu:m_037,25.065229520995622,9.618426854874333,0.06119299905549269,1.0,1.0,1.0,1.0,1.0,1.0,1.0
bm25,exact_m_042,test,exact_name,Cho tôi thông tin về Gà rô ti kiểu Việt,menu:m_042,menu:m_042;policy:allergen_safety;menu:m_038;menu:m_016;policy:ordering_scope;menu:m_019;menu:m_033;menu:m_009;menu:m_021;menu:m_028,29.535979473430988,9.618426854874333,0.06469700019806623,1.0,1.0,1.0,1.0,1.0,1.0,1.0
bm25,exact_m_043,test,exact_name,Cho tôi thông tin về Mì Quảng tôm thịt,menu:m_043,menu:m_043;menu:m_055;policy:allergen_safety;menu:m_001;menu:m_024;policy:ordering_scope;menu:m_019;menu:m_006;menu:m_028;menu:m_034,20.495342431769064,9.618426854874333,0.06749199928890448,1.0,1.0,1.0,1.0,1.0,1.0,1.0
bm25,exact_m_044,test,exact_name,Cho tôi thông tin về Cao lầu Hội An,menu:m_044,menu:m_044;policy:allergen_safety;menu:m_016;policy:ordering_scope;menu:m_032;menu:m_030;menu:m_034;menu:m_021;menu:m_088;menu:m_029,20.813686573701755,9.618426854874333,0.06711099922540598,1.0,1.0,1.0,1.0,1.0,1.0,1.0
bm25,exact_m_045,test,exact_name,Cho tôi thông tin về Bê thui Cầu Mống,menu:m_045,menu:m_045;policy:allergen_safety;policy:ordering_scope;menu:m_028;policy:parking;menu:m_030;menu:m_004;menu:m_001;menu:m_089;menu:m_019,24.09210967385737,9.618426854874333,0.05377100023906678,1.0,1.0,1.0,1.0,1.0,1.0,1.0
bm25,exact_m_046,test,exact_name,Cho tôi thông tin về Hủ tiếu Nam Vang,menu:m_046,menu:m_046;policy:allergen_safety;menu:m_050;menu:m_028;policy:ordering_scope;menu:m_031;menu:m_054;menu:m_056;menu:m_055;menu:m_051,18.82798488305508,9.618426854874333,0.06895399928907864,1.0,1.0,1.0,1.0,1.0,1.0,1.0
bm25,exact_m_047,test,exact_name,Cho tôi thông tin về Bánh tráng cuốn thịt heo,menu:m_047,menu:m_047;menu:m_001;menu:m_004;menu:m_045;policy:allergen_safety;menu:m_043;menu:m_003;policy:ordering_scope;menu:m_072;menu:m_076,22.678695758696097,9.618426854874333,0.09293000039178878,1.0,1.0,1.0,1.0,1.0,1.0,1.0
bm25,exact_m_048,test,exact_name,Cho tôi thông tin về Cháo lòng Sài Gòn,menu:m_048,menu:m_048;menu:m_085;menu:m_059;menu:m_070;menu:m_019;menu:m_006;policy:allergen_safety;menu:m_015;policy:ordering_scope;menu:m_083,22.44922458656936,9.618426854874333,0.05555400093726348,1.0,1.0,1.0,1.0,1.0,1.0,1.0
bm25,exact_m_050,test,exact_name,Cho tôi thông tin về Phở chay nấm đông cô,menu:m_050,menu:m_050;menu:m_031;menu:m_053;policy:allergen_safety;menu:m_008;menu:m_056;menu:m_055;menu:m_051;menu:m_012;policy:ordering_scope,25.177067535042685,9.618426854874333,0.07667600038985256,1.0,1.0,1.0,1.0,1.0,1.0,1.0
bm25,exact_m_051,test,exact_name,Cho tôi thông tin về Cơm chiên chay ngũ sắc,menu:m_051,menu:m_051;menu:m_019;menu:m_017;policy:allergen_safety;menu:m_038;menu:m_021;policy:ordering_scope;menu:m_054;menu:m_056;menu:m_055,26.233637074657583,9.618426854874333,0.06388600013451651,1.0,1.0,1.0,1.0,1.0,1.0,1.0
bm25,exact_m_052,test,exact_name,Cho tôi thông tin về Gỏi cuốn chay,menu:m_052,menu:m_052;policy:allergen_safety;policy:ordering_scope;menu:m_001;menu:m_056;menu:m_055;menu:m_050;menu:m_047;menu:m_051;menu:m_028,16.345586282690714,9.618426854874333,0.06116199983807746,1.0,1.0,1.0,1.0,1.0,1.0,1.0
bm25,exact_m_053,test,exact_name,Cho tôi thông tin về Canh khổ qua nhồi nấm,menu:m_053,menu:m_053;menu:m_038;policy:allergen_safety;menu:m_018;policy:ordering_scope;menu:m_031;menu:m_050;menu:m_028;menu:m_046;menu:m_008,32.531392109144946,9.618426854874333,0.05588400017586537,1.0,1.0,1.0,1.0,1.0,1.0,1.0
bm25,exact_m_054,test,exact_name,Cho tôi thông tin về Đậu hũ sốt cà chua,menu:m_054,menu:m_054;policy:allergen_safety;menu:m_029;policy:ordering_scope;policy:parking;menu:m_012;menu:m_014;menu:m_057;menu:m_051;menu:m_019,23.699021361658296,9.618426854874333,0.08307600000989623,1.0,1.0,1.0,1.0,1.0,1.0,1.0
bm25,exact_m_056,test,exact_name,Cho tôi thông tin về Bún chay Huế,menu:m_056,menu:m_056;menu:m_010;policy:allergen_safety;menu:m_052;menu:m_020;policy:ordering_scope;menu:m_055;menu:m_050;menu:m_051;menu:m_028,17.50681864299785,9.618426854874333,0.06493799992313143,1.0,1.0,1.0,1.0,1.0,1.0,1.0
bm25,exact_m_057,test,exact_name,Cho tôi thông tin về Cà phê sữa đá,menu:m_057,menu:m_057;menu:m_063;menu:m_062;menu:m_058;menu:m_059;policy:allergen_safety;menu:m_061;policy:ordering_scope;menu:m_060;menu:m_069,21.12872322580271,9.618426854874333,0.09634600064600818,1.0,1.0,1.0,1.0,1.0,1.0,1.0
bm25,exact_m_060,test,exact_name,Cho tôi thông tin về Trà đào cam sả,menu:m_060,menu:m_060;menu:m_089;policy:allergen_safety;menu:m_061;policy:ordering_scope;menu:m_091;menu:m_064;menu:m_027;menu:m_062;menu:m_028,23.162314008035192,9.618426854874333,0.058708999858936295,1.0,1.0,1.0,1.0,1.0,1.0,1.0
bm25,exact_m_061,test,exact_name,Cho tôi thông tin về Trà sen Tây Hồ,menu:m_061,menu:m_061;policy:ordering_scope;policy:allergen_safety;menu:m_024;menu:m_060;policy:reservation;menu:m_062;menu:m_028;menu:m_057;menu:m_035,24.99037969665124,9.618426854874333,0.06311499964795075,1.0,1.0,1.0,1.0,1.0,1.0,1.0
bm25,exact_m_062,test,exact_name,Cho tôi thông tin về Trà sữa trân châu,menu:m_062,menu:m_062;menu:m_057;policy:allergen_safety;menu:m_061;policy:ordering_scope;menu:m_060;menu:m_028;menu:m_059;policy:parking;policy:payment,24.894057924222064,9.618426854874333,0.06108199886512011,1.0,1.0,1.0,1.0,1.0,1.0,1.0
bm25,exact_m_063,test,exact_name,Cho tôi thông tin về Cà phê dừa,menu:m_063,menu:m_063;menu:m_057;menu:m_058;policy:allergen_safety;menu:m_061;policy:ordering_scope;menu:m_018;menu:m_059;menu:m_028;menu:m_019,14.800322069499853,9.618426854874333,0.06563900024048053,1.0,1.0,1.0,1.0,1.0,1.0,1.0
bm25,exact_m_065,test,exact_name,Cho tôi thông tin về Sinh tố bơ Đắk Lắk,menu:m_065,menu:m_065;menu:m_028;menu:m_067;menu:m_069;policy:allergen_safety;menu:m_021;policy:parking;policy:ordering_scope;menu:m_064;menu:m_068,28.362033139767334,9.618426854874333,0.07867900058045052,1.0,1.0,1.0,1.0,1.0,1.0,1.0
bm25,exact_m_066,test,exact_name,Cho tôi thông tin về Nước ép dưa hấu,menu:m_066,menu:m_066;menu:m_081;policy:allergen_safety;menu:m_064;policy:ordering_scope;menu:m_070;menu:m_068;menu:m_038;menu:m_028;menu:m_063,19.65002072863186,9.618426854874333,0.08384700049646199,1.0,1.0,1.0,1.0,1.0,1.0,1.0
bm25,exact_m_067,test,exact_name,Cho tôi thông tin về Sinh tố xoài Hòa Lộc,menu:m_067,menu:m_067;menu:m_079;menu:m_069;menu:m_065;policy:allergen_safety;policy:parking;policy:ordering_scope;menu:m_077;menu:m_023;menu:m_038,27.25120204250393,9.618426854874333,0.06668099922535475,1.0,1.0,1.0,1.0,1.0,1.0,1.0
bm25,exact_m_068,test,exact_name,Cho tôi thông tin về Nước rau má,menu:m_068,menu:m_068;policy:ordering_scope;policy:allergen_safety;menu:m_038;menu:m_028;policy:parking;menu:m_021;menu:m_089;menu:m_019;menu:m_064,12.944462455504988,9.618426854874333,0.08609999895270448,1.0,1.0,1.0,1.0,1.0,1.0,1.0
bm25,exact_m_069,test,exact_name,Cho tôi thông tin về Sinh tố dâu tây Đà Lạt,menu:m_069,menu:m_069;menu:m_065;menu:m_032;menu:m_067;policy:parking;policy:allergen_safety;policy:ordering_scope;menu:m_061;menu:m_013;menu:m_070,27.46769566981369,9.618426854874333,0.09168900032818783,1.0,1.0,1.0,1.0,1.0,1.0,1.0
bm25,exact_m_071,test,exact_name,Cho tôi thông tin về Chè khúc bạch,menu:m_071,menu:m_071;policy:allergen_safety;policy:ordering_scope;menu:m_073;menu:m_075;menu:m_028;policy:parking;menu:m_089;menu:m_019;menu:m_085,21.034279763506767,9.618426854874333,0.05338099981599953,1.0,1.0,1.0,1.0,1.0,1.0,1.0
bm25,exact_m_072,test,exact_name,Cho tôi thông tin về Bánh flan caramel,menu:m_072,menu:m_072;policy:allergen_safety;policy:ordering_scope;menu:m_038;menu:m_028;menu:m_076;policy:parking;menu:m_047;menu:m_004;menu:m_006,19.425215675363262,9.618426854874333,0.05493300159287173,1.0,1.0,1.0,1.0,1.0,1.0,1.0
bm25,exact_m_073,test,exact_name,Cho tôi thông tin về Chè bưởi,menu:m_073,menu:m_073;policy:allergen_safety;policy:ordering_scope;menu:m_082;menu:m_075;menu:m_071;menu:m_028;policy:parking;menu:m_089;menu:m_019,13.652658836651836,9.618426854874333,0.05018599949835334,1.0,1.0,1.0,1.0,1.0,1.0,1.0
bm25,exact_m_076,test,exact_name,Cho tôi thông tin về Bánh chuối nướng,menu:m_076,menu:m_076;policy:allergen_safety;menu:m_023;policy:ordering_scope;menu:m_017;menu:m_036;menu:m_040;menu:m_028;menu:m_043;menu:m_072,17.667526698309377,9.618426854874333,0.06575899897143245,1.0,1.0,1.0,1.0,1.0,1.0,1.0
bm25,exact_m_077,test,exact_name,Cho tôi thông tin về Xôi xoài,menu:m_077,menu:m_077;policy:allergen_safety;policy:ordering_scope;menu:m_049;menu:m_079;menu:m_067;menu:m_005;menu:m_028;policy:parking;menu:m_089,13.089497418549035,9.618426854874333,0.04874299884249922,1.0,1.0,1.0,1.0,1.0,1.0,1.0
bm25,exact_m_078,test,exact_name,Cho tôi thông tin về Đĩa trái cây theo mùa,menu:m_078,menu:m_078;policy:allergen_safety;policy:ordering_scope;policy:reservation;menu:m_081;menu:m_079;menu:m_080;menu:m_082;menu:m_083;menu:m_028,30.730633798728412,9.618426854874333,0.06264399962674361,1.0,1.0,1.0,1.0,1.0,1.0,1.0
bm25,exact_m_079,test,exact_name,Cho tôi thông tin về Xoài cát Hòa Lộc,menu:m_079,menu:m_079;menu:m_067;policy:allergen_safety;policy:ordering_scope;menu:m_077;menu:m_023;menu:m_038;menu:m_005;menu:m_028;policy:parking,23.843522909137977,9.618426854874333,0.059550000514718704,1.0,1.0,1.0,1.0,1.0,1.0,1.0
bm25,exact_m_080,test,exact_name,Cho tôi thông tin về Sầu riêng Ri6,menu:m_080,menu:m_080;policy:ordering_scope;policy:allergen_safety;menu:m_028;policy:parking;policy:cancel_order;menu:m_089;menu:m_019;menu:m_085;menu:m_038,21.54505297087544,9.618426854874333,0.04859299951931462,1.0,1.0,1.0,1.0,1.0,1.0,1.0
bm25,exact_m_081,test,exact_name,Cho tôi thông tin về Dưa hấu lạnh,menu:m_081,menu:m_081;menu:m_066;policy:allergen_safety;menu:m_063;policy:ordering_scope;menu:m_028;menu:m_057;menu:m_074;menu:m_071;policy:parking,16.32980786356174,9.618426854874333,0.06092200055718422,1.0,1.0,1.0,1.0,1.0,1.0,1.0
bm25,exact_m_082,test,exact_name,Cho tôi thông tin về Bưởi da xanh Bến Tre,menu:m_082,menu:m_082;menu:m_073;policy:allergen_safety;policy:ordering_scope;menu:m_040;menu:m_057;menu:m_038;menu:m_021;menu:m_028;menu:m_062,26.19334258109655,9.618426854874333,0.07019600161584094,1.0,1.0,1.0,1.0,1.0,1.0,1.0
bm25,exact_m_083,test,exact_name,Cho tôi thông tin về Thanh long Bình Thuận,menu:m_083,menu:m_083;policy:allergen_safety;policy:ordering_scope;policy:payment;menu:m_048;menu:m_061;menu:m_028;policy:parking;menu:m_088;policy:ai_role,24.659615919045795,9.618426854874333,0.05902900011278689,1.0,1.0,1.0,1.0,1.0,1.0,1.0
bm25,exact_m_084,test,exact_name,Cho tôi thông tin về Đu đủ chín mật ong,menu:m_084,menu:m_084;policy:allergen_safety;menu:m_091;menu:m_036;policy:ordering_scope;menu:m_028;menu:m_015;policy:parking;menu:m_057;policy:payment,23.47221009637057,9.618426854874333,0.06450700129789766,1.0,1.0,1.0,1.0,1.0,1.0,1.0
bm25,exact_m_086,test,exact_name,Cho tôi thông tin về Bia Hà Nội,menu:m_086,menu:m_086;menu:m_088;menu:m_090;menu:m_058;menu:m_049;menu:m_011;policy:allergen_safety;menu:m_002;menu:m_085;menu:m_061,15.568554561192949,9.618426854874333,0.0981780012807576,1.0,1.0,1.0,1.0,1.0,1.0,1.0
bm25,exact_m_087,test,exact_name,Cho tôi thông tin về Bia Tiger Crystal,menu:m_087,menu:m_087;policy:allergen_safety;menu:m_085;policy:ordering_scope;menu:m_089;menu:m_086;menu:m_088;menu:m_028;policy:parking;menu:m_090,22.268461011821934,9.618426854874333,0.050586000725161284,1.0,1.0,1.0,1.0,1.0,1.0,1.0
bm25,exact_m_088,test,exact_name,Cho tôi thông tin về Bia hơi Hà Nội,menu:m_088,menu:m_088;menu:m_086;menu:m_090;menu:m_058;menu:m_049;menu:m_011;policy:allergen_safety;menu:m_002;menu:m_085;menu:m_061,20.75089783727436,9.618426854874333,0.06688099892926402,1.0,1.0,1.0,1.0,1.0,1.0,1.0
bm25,exact_m_091,test,exact_name,Cho tôi thông tin về Cocktail chanh đào mật ong,menu:m_091,menu:m_091;menu:m_084;menu:m_036;policy:allergen_safety;menu:m_060;policy:ordering_scope;menu:m_037;menu:m_024;menu:m_028;menu:m_015,30.80253871033227,9.618426854874333,0.06711099922540598,1.0,1.0,1.0,1.0,1.0,1.0,1.0
bm25,multi_001,test,multi_intent,Quán có WiFi không và cho tôi xem phở bò tái nạm,policy:wifi;menu:m_008,policy:wifi;menu:m_008;menu:m_050;menu:m_028;policy:parking;policy:allergen_safety;menu:m_021;policy:ai_role;menu:m_031;menu:m_030,22.102295532340516,9.618426854874333,0.08547899960831273,1.0,1.0,1.0,1.0,1.0,1.0,1.0
bm25,multi_002,test,multi_intent,"Thanh toán bằng VietQR thế nào, và quán có cơm chay không?",policy:payment;menu:m_051,policy:payment;policy:allergen_safety;policy:wifi;policy:ai_role;menu:m_050;menu:m_051;menu:m_053;menu:m_031;menu:m_056;menu:m_055,26.531941711990996,9.618426854874333,0.08320599954458885,1.0,1.0,1.0,0.5,1.0,0.8315546295836225,1.0
bm25,multi_003,test,multi_intent,Tôi đậu ô tô ở đâu và có bia Hà Nội không?,policy:parking;menu:m_086,menu:m_086;menu:m_088;policy:parking;menu:m_090;menu:m_011;menu:m_058;policy:allergen_safety;menu:m_049;menu:m_002;menu:m_069,15.568554561192949,9.618426854874333,0.09782800043467432,1.0,1.0,1.0,1.0,1.0,0.9197207891481876,1.0
bm25,multi_004,test,multi_intent,Quán mở đến mấy giờ và còn trà sen Tây Hồ chứ?,policy:opening_hours;menu:m_061,policy:opening_hours;menu:m_061;policy:availability;menu:m_062;policy:ai_role;policy:reservation;menu:m_090;menu:m_058;menu:m_022;menu:m_024,25.72592597044589,9.618426854874333,0.08257399895228446,1.0,1.0,1.0,1.0,1.0,1.0,1.0
bm25,neg_003,test,hard_negative,Giá cổ phiếu hôm nay tăng hay giảm?,,,7.491982367951275,9.618426854874333,0.051267001254018396,,,,,,,1.0
bm25,neg_004,test,hard_negative,Giải phương trình bậc hai giúp tôi,,,7.645191730716807,9.618426854874333,0.05454199890664313,,,,,,,1.0
bm25,neg_005,test,hard_negative,Đội bóng nào vô địch mùa này?,,,7.0607381838593275,9.618426854874333,0.03601400021580048,,,,,,,1.0
bm25,neg_006,test,hard_negative,Có nên mua bitcoin bây giờ không?,,menu:m_078;policy:opening_hours;policy:ai_role;policy:allergen_safety;policy:wifi;menu:m_050;menu:m_075;menu:m_066;menu:m_010;policy:availability,10.596239592740854,9.618426854874333,0.04828300006920472,,,,,,,0.0
bm25,neg_007,test,hard_negative,Làm bài tập lịch sử cho tôi,,,7.586809228956337,9.618426854874333,0.042023000787594356,,,,,,,1.0
bm25,neg_008,test,hard_negative,Tóm tắt tin tức quốc tế mới nhất,,,7.255947426457656,9.618426854874333,0.04755200097861234,,,,,,,1.0
bm25,nodia_m_002,test,no_diacritic,quan co nem ran ha noi khong,menu:m_002,menu:m_002;menu:m_058;menu:m_086;menu:m_088;menu:m_090;policy:wifi;menu:m_049;menu:m_011;menu:m_014;policy:allergen_safety,19.470390730745603,9.618426854874333,0.05983099981676787,1.0,1.0,1.0,1.0,1.0,1.0,1.0
bm25,nodia_m_003,test,no_diacritic,quan co banh xeo mien tay khong,menu:m_003,menu:m_003;policy:wifi;menu:m_035;menu:m_013;menu:m_023;menu:m_082;menu:m_047;policy:allergen_safety;menu:m_043;menu:m_045,16.76082228440828,9.618426854874333,0.07331099914154038,1.0,1.0,1.0,1.0,1.0,1.0,1.0
bm25,nodia_m_005,test,no_diacritic,quan co goi xoai tom su khong,menu:m_005,menu:m_005;policy:wifi;menu:m_024;menu:m_001;policy:allergen_safety;menu:m_077;menu:m_079;menu:m_067;menu:m_052;menu:m_033,20.9635843377165,9.618426854874333,0.05927900019742083,1.0,1.0,1.0,1.0,1.0,1.0,1.0
bm25,nodia_m_010,test,no_diacritic,quan co bun bo hue khong,menu:m_010,menu:m_010;menu:m_056;policy:wifi;menu:m_008;menu:m_030;menu:m_020;menu:m_021;policy:allergen_safety;menu:m_052;menu:m_011,15.78002190441863,9.618426854874333,0.059609999880194664,1.0,1.0,1.0,1.0,1.0,1.0,1.0
bm25,nodia_m_011,test,no_diacritic,quan co bun cha ha noi khong,menu:m_011,menu:m_011;menu:m_014;menu:m_058;menu:m_086;menu:m_088;menu:m_090;policy:wifi;menu:m_049;menu:m_002;menu:m_004,19.45178902903264,9.618426854874333,0.06744200072716922,1.0,1.0,1.0,1.0,1.0,1.0,1.0
bm25,nodia_m_014,test,no_diacritic,quan co bun dau mam tom khong,menu:m_014,menu:m_014;menu:m_013;policy:wifi;menu:m_005;menu:m_001;menu:m_011;policy:allergen_safety;policy:parking;menu:m_056;menu:m_012,16.605758640790626,9.618426854874333,0.07773699871904682,1.0,1.0,1.0,1.0,1.0,1.0,1.0
bm25,nodia_m_018,test,no_diacritic,quan co com ca kho to khong,menu:m_018,menu:m_018;policy:wifi;menu:m_053;menu:m_019;menu:m_051;policy:allergen_safety;menu:m_064;policy:parking;menu:m_020;menu:m_017,21.296182890267136,9.618426854874333,0.07168900083343033,1.0,1.0,1.0,1.0,1.0,1.0,1.0
bm25,nodia_m_019,test,no_diacritic,quan co com chien sai gon khong,menu:m_019,menu:m_019;menu:m_015;menu:m_059;menu:m_070;menu:m_085;menu:m_051;menu:m_048;menu:m_006;policy:wifi;menu:m_038,18.873498605154875,9.618426854874333,0.06315500104392413,1.0,1.0,1.0,1.0,1.0,1.0,1.0
bm25,nodia_m_021,test,no_diacritic,quan co com bo luc lac khong,menu:m_021,menu:m_021;policy:wifi;policy:allergen_safety;menu:m_008;menu:m_030;menu:m_020;menu:m_019;menu:m_017;menu:m_018;menu:m_016,25.139347505286786,9.618426854874333,0.05914900066272821,1.0,1.0,1.0,1.0,1.0,1.0,1.0
bm25,nodia_m_022,test,no_diacritic,quan co tom hum nuong mo hanh khong,menu:m_022,menu:m_022;policy:opening_hours;policy:wifi;policy:allergen_safety;menu:m_043;menu:m_049;menu:m_090;menu:m_076;menu:m_017;menu:m_036,25.775932899006403,9.618426854874333,0.08808299935481045,1.0,1.0,1.0,1.0,1.0,1.0,1.0
bm25,nodia_m_023,test,no_diacritic,quan co ca loc nuong trui khong,menu:m_023,menu:m_023;policy:wifi;menu:m_079;menu:m_067;policy:allergen_safety;menu:m_076;menu:m_017;menu:m_036;menu:m_040;policy:ai_role,20.247000288822672,9.618426854874333,0.06490799933089875,1.0,1.0,1.0,1.0,1.0,1.0,1.0
bm25,nodia_m_024,test,no_diacritic,quan co tom rang muoi tay ninh khong,menu:m_024,menu:m_024;policy:wifi;menu:m_005;menu:m_013;menu:m_003;menu:m_028;menu:m_040;menu:m_025;policy:allergen_safety;menu:m_033,24.964514702259173,9.618426854874333,0.06911399941600394,1.0,1.0,1.0,1.0,1.0,1.0,1.0
bm25,nodia_m_025,test,no_diacritic,quan co cua rang me khong,menu:m_025,menu:m_025;policy:opening_hours;policy:wifi;policy:ai_role;menu:m_076;menu:m_012;menu:m_028;menu:m_007;policy:allergen_safety;menu:m_024,17.594547098757893,9.618426854874333,0.053169998864177614,1.0,1.0,1.0,1.0,1.0,1.0,1.0
bm25,nodia_m_026,test,no_diacritic,quan co muc xao sa te khong,menu:m_026,menu:m_026;menu:m_039;policy:wifi;policy:allergen_safety;menu:m_033;menu:m_027;menu:m_074;menu:m_060;policy:ai_role;menu:m_050,25.08256272135826,9.618426854874333,0.05300000157149043,1.0,1.0,1.0,1.0,1.0,1.0,1.0
bm25,nodia_m_027,test,no_diacritic,quan co ngheu hap sa khong,menu:m_027,menu:m_027;policy:wifi;menu:m_037;menu:m_033;policy:allergen_safety;menu:m_039;menu:m_074;menu:m_060;menu:m_026;policy:ai_role,19.304087155579282,9.618426854874333,0.05123699884279631,1.0,1.0,1.0,1.0,1.0,1.0,1.0
bm25,nodia_m_028,test,no_diacritic,quan co oc huong rang bo toi khong,menu:m_028,menu:m_028;policy:wifi;menu:m_021;menu:m_024;policy:ai_role;menu:m_031;policy:opening_hours;menu:m_025;policy:allergen_safety;menu:m_008,29.877807909884112,9.618426854874333,0.06039199979568366,1.0,1.0,1.0,1.0,1.0,1.0,1.0
bm25,nodia_m_029,test,no_diacritic,quan co lau chua ca lang khong,menu:m_029,menu:m_029;menu:m_033;policy:wifi;menu:m_054;menu:m_035;menu:m_031;policy:allergen_safety;menu:m_030;menu:m_032;menu:m_034,21.06188529742528,9.618426854874333,0.07008600005065091,1.0,1.0,1.0,1.0,1.0,1.0,1.0
bm25,nodia_m_030,test,no_diacritic,quan co lau bo nhung giam khong,menu:m_030,menu:m_030;policy:wifi;menu:m_034;menu:m_031;menu:m_033;policy:availability;menu:m_021;policy:allergen_safety;menu:m_029;menu:m_035,24.305698777628134,9.618426854874333,0.07459300104528666,1.0,1.0,1.0,1.0,1.0,1.0,1.0
bm25,nodia_m_031,test,no_diacritic,quan co lau nam chay khong,menu:m_031,menu:m_031;menu:m_050;menu:m_053;policy:wifi;menu:m_056;menu:m_055;menu:m_051;menu:m_033;menu:m_052;policy:allergen_safety,17.82025249087521,9.618426854874333,0.060792001022491604,1.0,1.0,1.0,1.0,1.0,1.0,1.0
bm25,nodia_m_032,test,no_diacritic,quan co lau ga la e da lat khong,menu:m_032,menu:m_032;menu:m_069;menu:m_037;menu:m_031;policy:wifi;menu:m_033;menu:m_035;menu:m_036;menu:m_040;menu:m_082,31.598319152748683,9.618426854874333,0.07615499998792075,1.0,1.0,1.0,1.0,1.0,1.0,1.0
bm25,nodia_m_033,test,no_diacritic,quan co lau hai san chua cay khong,menu:m_033,menu:m_033;menu:m_029;policy:wifi;policy:allergen_safety;menu:m_031;menu:m_026;menu:m_044;menu:m_025;menu:m_035;menu:m_030,23.611019165571697,9.618426854874333,0.08277500091935508,1.0,1.0,1.0,1.0,1.0,1.0,1.0
bm25,nodia_m_034,test,no_diacritic,quan co lau de thuoc bac khong,menu:m_034,menu:m_034;menu:m_041;policy:wifi;menu:m_029;menu:m_031;policy:allergen_safety;menu:m_033;policy:ai_role;menu:m_035;menu:m_030,22.61278953287656,9.618426854874333,0.05722700007027015,1.0,1.0,1.0,1.0,1.0,1.0,1.0
bm25,nodia_m_035,test,no_diacritic,quan co lau mam mien tay khong,menu:m_035,menu:m_035;menu:m_013;policy:wifi;menu:m_003;menu:m_023;menu:m_031;menu:m_032;menu:m_082;menu:m_033;menu:m_044,18.34039640866947,9.618426854874333,0.07752700003038626,1.0,1.0,1.0,1.0,1.0,1.0,1.0
bm25,nodia_m_036,test,no_diacritic,quan co ga nuong mat ong khong,menu:m_036,menu:m_036;policy:wifi;menu:m_040;menu:m_091;menu:m_084;menu:m_015;policy:allergen_safety;menu:m_076;menu:m_017;menu:m_009,19.4952137017178,9.618426854874333,0.07349100087594707,1.0,1.0,1.0,1.0,1.0,1.0,1.0
bm25,nodia_m_038,test,no_diacritic,quan co canh ga chien nuoc mam khong,menu:m_038,menu:m_038;policy:wifi;menu:m_053;menu:m_016;menu:m_002;menu:m_014;menu:m_009;menu:m_041;menu:m_019;menu:m_031,23.962150985758477,9.618426854874333,0.09403200056112837,1.0,1.0,1.0,1.0,1.0,1.0,1.0
bm25,nodia_m_039,test,no_diacritic,quan co ga xao sa ot khong,menu:m_039,menu:m_039;menu:m_026;menu:m_040;policy:wifi;menu:m_027;menu:m_038;policy:allergen_safety;menu:m_056;menu:m_009;menu:m_074,22.268204294931284,9.618426854874333,0.06709099943691399,1.0,1.0,1.0,1.0,1.0,1.0,1.0
bm25,nodia_m_041,test,no_diacritic,quan co ga tiem thuoc bac khong,menu:m_041,menu:m_041;menu:m_034;policy:wifi;policy:allergen_safety;menu:m_009;menu:m_039;menu:m_036;menu:m_037;menu:m_038;menu:m_040,25.065229520995622,9.618426854874333,0.05661500108544715,1.0,1.0,1.0,1.0,1.0,1.0,1.0
bm25,nodia_m_042,test,no_diacritic,quan co ga ro ti kieu viet khong,menu:m_042,menu:m_042;policy:wifi;menu:m_033;menu:m_016;policy:allergen_safety;menu:m_009;menu:m_039;menu:m_041;menu:m_036;menu:m_037,29.535979473430988,9.618426854874333,0.06453700007114094,1.0,1.0,1.0,1.0,1.0,1.0,1.0
bm25,nodia_m_043,test,no_diacritic,quan co mi quang tom thit khong,menu:m_043,menu:m_043;menu:m_055;policy:wifi;menu:m_001;policy:allergen_safety;menu:m_033;menu:m_006;menu:m_034;menu:m_024;menu:m_005,20.495342431769064,9.618426854874333,0.06663099884463008,1.0,1.0,1.0,1.0,1.0,1.0,1.0
bm25,nodia_m_044,test,no_diacritic,quan co cao lau hoi an khong,menu:m_044,menu:m_044;policy:wifi;menu:m_016;menu:m_032;menu:m_030;menu:m_031;menu:m_034;menu:m_033;policy:allergen_safety;menu:m_088,20.813686573701755,9.618426854874333,0.06362599924614187,1.0,1.0,1.0,1.0,1.0,1.0,1.0
bm25,nodia_m_045,test,no_diacritic,quan co be thui cau mong khong,menu:m_045,menu:m_045;policy:wifi;policy:allergen_safety;policy:ai_role;policy:cancel_order;menu:m_050;policy:opening_hours;policy:availability;menu:m_030;menu:m_004,24.09210967385737,9.618426854874333,0.050396000006003305,1.0,1.0,1.0,1.0,1.0,1.0,1.0
bm25,nodia_m_046,test,no_diacritic,quan co hu tieu nam vang khong,menu:m_046,menu:m_046;menu:m_050;policy:wifi;menu:m_031;menu:m_053;policy:allergen_safety;menu:m_054;menu:m_056;menu:m_055;menu:m_051,18.82798488305508,9.618426854874333,0.06835300155216828,1.0,1.0,1.0,1.0,1.0,1.0,1.0
bm25,nodia_m_047,test,no_diacritic,quan co banh trang cuon thit heo khong,menu:m_047,menu:m_047;menu:m_001;menu:m_004;policy:wifi;menu:m_045;menu:m_043;menu:m_003;menu:m_072;menu:m_076;menu:m_023,22.678695758696097,9.618426854874333,0.07772699973429553,1.0,1.0,1.0,1.0,1.0,1.0,1.0
bm25,nodia_m_048,test,no_diacritic,quan co chao long sai gon khong,menu:m_048,menu:m_048;menu:m_059;menu:m_070;menu:m_085;menu:m_006;policy:wifi;menu:m_019;menu:m_015;menu:m_083;policy:allergen_safety,22.44922458656936,9.618426854874333,0.0569160001759883,1.0,1.0,1.0,1.0,1.0,1.0,1.0
bm25,nodia_m_050,test,no_diacritic,quan co pho chay nam dong co khong,menu:m_050,menu:m_050;menu:m_031;menu:m_053;policy:wifi;menu:m_008;menu:m_056;menu:m_055;menu:m_051;menu:m_012;policy:opening_hours,25.177067535042685,9.618426854874333,0.08583999988331925,1.0,1.0,1.0,1.0,1.0,1.0,1.0
bm25,nodia_m_051,test,no_diacritic,quan co com chien chay ngu sac khong,menu:m_051,menu:m_051;menu:m_019;menu:m_050;policy:wifi;menu:m_017;menu:m_031;menu:m_054;menu:m_056;menu:m_053;menu:m_055,26.233637074657583,9.618426854874333,0.06666999979643151,1.0,1.0,1.0,1.0,1.0,1.0,1.0
bm25,nodia_m_052,test,no_diacritic,quan co goi cuon chay khong,menu:m_052,menu:m_052;menu:m_050;policy:wifi;menu:m_001;menu:m_031;policy:allergen_safety;menu:m_056;menu:m_053;menu:m_055;menu:m_047,16.345586282690714,9.618426854874333,0.05634499939333182,1.0,1.0,1.0,1.0,1.0,1.0,1.0
bm25,nodia_m_053,test,no_diacritic,quan co canh kho qua nhoi nam khong,menu:m_053,menu:m_053;menu:m_050;policy:wifi;menu:m_031;menu:m_018;menu:m_038;policy:allergen_safety;menu:m_046;policy:ai_role;menu:m_008,34.7717618243527,9.618426854874333,0.05899900133954361,1.0,1.0,1.0,1.0,1.0,1.0,1.0
bm25,nodia_m_054,test,no_diacritic,quan co dau hu sot ca chua khong,menu:m_054,menu:m_054;policy:wifi;menu:m_050;menu:m_029;menu:m_012;menu:m_014;menu:m_051;policy:allergen_safety;policy:parking;menu:m_033,23.699021361658296,9.618426854874333,0.08200299998861738,1.0,1.0,1.0,1.0,1.0,1.0,1.0
bm25,nodia_m_056,test,no_diacritic,quan co bun chay hue khong,menu:m_056,menu:m_056;menu:m_010;menu:m_050;policy:wifi;menu:m_052;menu:m_031;menu:m_020;menu:m_053;menu:m_055;policy:allergen_safety,17.50681864299785,9.618426854874333,0.05849800072610378,1.0,1.0,1.0,1.0,1.0,1.0,1.0
bm25,nodia_m_057,test,no_diacritic,quan co ca phe sua da khong,menu:m_057,menu:m_057;menu:m_063;menu:m_062;menu:m_058;menu:m_059;policy:wifi;menu:m_082;menu:m_060;menu:m_069;policy:cancel_order,18.526570669578113,9.618426854874333,0.07424199975503143,1.0,1.0,1.0,1.0,1.0,1.0,1.0
bm25,nodia_m_060,test,no_diacritic,quan co tra dao cam sa khong,menu:m_060,menu:m_060;menu:m_064;policy:wifi;menu:m_091;menu:m_089;policy:allergen_safety;menu:m_027;menu:m_061;menu:m_062;menu:m_039,23.162314008035192,9.618426854874333,0.05764700108557008,1.0,1.0,1.0,1.0,1.0,1.0,1.0
bm25,nodia_m_061,test,no_diacritic,quan co tra sen tay ho khong,menu:m_061,menu:m_061;policy:wifi;policy:ai_role;policy:allergen_safety;menu:m_060;menu:m_062;policy:availability;menu:m_082;menu:m_035;menu:m_013,22.43973191285143,9.618426854874333,0.06620000021939632,1.0,1.0,1.0,1.0,1.0,1.0,1.0
bm25,nodia_m_062,test,no_diacritic,quan co tra sua tran chau khong,menu:m_062,menu:m_062;policy:wifi;menu:m_057;policy:allergen_safety;menu:m_060;menu:m_061;menu:m_059;policy:availability;policy:cancel_order;policy:ai_role,24.894057924222064,9.618426854874333,0.05822800085297786,1.0,1.0,1.0,1.0,1.0,1.0,1.0
bm25,nodia_m_063,test,no_diacritic,quan co ca phe dua khong,menu:m_063,menu:m_063;menu:m_057;menu:m_058;policy:wifi;menu:m_018;menu:m_059;policy:allergen_safety;menu:m_081;menu:m_060;policy:ai_role,14.800322069499853,9.618426854874333,0.07050599924696144,1.0,1.0,1.0,1.0,1.0,1.0,1.0
bm25,nodia_m_065,test,no_diacritic,quan co sinh to bo dak lak khong,menu:m_065,menu:m_065;menu:m_067;menu:m_069;policy:wifi;menu:m_064;menu:m_021;policy:allergen_safety;menu:m_068;policy:parking;menu:m_066,28.362033139767334,9.618426854874333,0.0646779990347568,1.0,1.0,1.0,1.0,1.0,1.0,1.0
bm25,nodia_m_066,test,no_diacritic,quan co nuoc ep dua hau khong,menu:m_066,menu:m_066;menu:m_081;menu:m_064;policy:wifi;menu:m_070;menu:m_068;policy:allergen_safety;menu:m_050;menu:m_063;policy:ai_role,19.65002072863186,9.618426854874333,0.08188299943867605,1.0,1.0,1.0,1.0,1.0,1.0,1.0
bm25,nodia_m_067,test,no_diacritic,quan co sinh to xoai hoa loc khong,menu:m_067,menu:m_067;menu:m_079;menu:m_069;menu:m_065;policy:wifi;menu:m_064;menu:m_077;menu:m_023;menu:m_005;policy:allergen_safety,27.25120204250393,9.618426854874333,0.061001999711152166,1.0,1.0,1.0,1.0,1.0,1.0,1.0
bm25,nodia_m_068,test,no_diacritic,quan co nuoc rau ma khong,menu:m_068,menu:m_068;policy:wifi;menu:m_050;menu:m_064;policy:allergen_safety;menu:m_031;policy:ai_role;policy:opening_hours;policy:availability;menu:m_075,12.944462455504988,9.618426854874333,0.13637600022775587,1.0,1.0,1.0,1.0,1.0,1.0,1.0
bm25,nodia_m_069,test,no_diacritic,quan co sinh to dau tay da lat khong,menu:m_069,menu:m_069;menu:m_065;menu:m_032;menu:m_067;policy:parking;policy:wifi;menu:m_082;menu:m_064;menu:m_013;policy:allergen_safety,27.46769566981369,9.618426854874333,0.1184190005005803,1.0,1.0,1.0,1.0,1.0,1.0,1.0
bm25,nodia_m_071,test,no_diacritic,quan co che khuc bach khong,menu:m_071,menu:m_071;policy:wifi;menu:m_073;menu:m_075;policy:allergen_safety;policy:ai_role;menu:m_050;policy:opening_hours;policy:availability;menu:m_064,21.034279763506767,9.618426854874333,0.04958499994245358,1.0,1.0,1.0,1.0,1.0,1.0,1.0
bm25,nodia_m_072,test,no_diacritic,quan co banh flan caramel khong,menu:m_072,menu:m_072;policy:wifi;policy:allergen_safety;policy:ai_role;menu:m_076;menu:m_050;menu:m_047;menu:m_004;menu:m_006;menu:m_038,19.425215675363262,9.618426854874333,0.053510999350692146,1.0,1.0,1.0,1.0,1.0,1.0,1.0
bm25,nodia_m_073,test,no_diacritic,quan co che buoi khong,menu:m_073,menu:m_073;menu:m_082;policy:wifi;menu:m_075;menu:m_071;policy:allergen_safety;policy:ai_role;menu:m_050;policy:opening_hours;policy:availability,13.652658836651836,9.618426854874333,0.05171799966774415,1.0,1.0,1.0,1.0,1.0,1.0,1.0
bm25,nodia_m_076,test,no_diacritic,quan co banh chuoi nuong khong,menu:m_076,menu:m_076;policy:wifi;menu:m_023;policy:allergen_safety;menu:m_017;menu:m_036;menu:m_040;menu:m_043;policy:ai_role;menu:m_072,17.667526698309377,9.618426854874333,0.06112300070526544,1.0,1.0,1.0,1.0,1.0,1.0,1.0
bm25,nodia_m_077,test,no_diacritic,quan co xoi xoai khong,menu:m_077,menu:m_077;policy:wifi;menu:m_049;menu:m_079;menu:m_067;menu:m_005;policy:allergen_safety;policy:ai_role;menu:m_050;policy:opening_hours,13.089497418549035,9.618426854874333,0.05035599861002993,1.0,1.0,1.0,1.0,1.0,1.0,1.0
bm25,nodia_m_078,test,no_diacritic,quan co dia trai cay theo mua khong,menu:m_078,menu:m_078;policy:wifi;menu:m_082;menu:m_033;policy:allergen_safety;menu:m_081;menu:m_079;menu:m_080;menu:m_083;menu:m_084,30.730633798728412,9.618426854874333,0.062094000895740464,1.0,1.0,1.0,1.0,1.0,1.0,1.0
bm25,nodia_m_079,test,no_diacritic,quan co xoai cat hoa loc khong,menu:m_079,menu:m_079;menu:m_067;policy:wifi;menu:m_077;menu:m_023;menu:m_005;policy:allergen_safety;policy:ai_role;menu:m_050;policy:opening_hours,23.843522909137977,9.618426854874333,0.05772700023953803,1.0,1.0,1.0,1.0,1.0,1.0,1.0
bm25,nodia_m_080,test,no_diacritic,quan co sau rieng ri6 khong,menu:m_080,menu:m_080;policy:wifi;policy:cancel_order;policy:allergen_safety;policy:ai_role;menu:m_050;policy:opening_hours;policy:availability;menu:m_064;menu:m_082,21.54505297087544,9.618426854874333,0.046469998778775334,1.0,1.0,1.0,1.0,1.0,1.0,1.0
bm25,nodia_m_081,test,no_diacritic,quan co dua hau lanh khong,menu:m_081,menu:m_081;menu:m_066;policy:wifi;menu:m_063;policy:allergen_safety;menu:m_074;menu:m_071;policy:ai_role;menu:m_050;policy:opening_hours,16.32980786356174,9.618426854874333,0.059048999901278876,1.0,1.0,1.0,1.0,1.0,1.0,1.0
bm25,nodia_m_082,test,no_diacritic,quan co buoi da xanh ben tre khong,menu:m_082,menu:m_082;menu:m_073;policy:wifi;menu:m_040;policy:allergen_safety;menu:m_062;policy:ai_role;menu:m_050;menu:m_033;policy:opening_hours,28.905007460743903,9.618426854874333,0.06892399869684596,1.0,1.0,1.0,1.0,1.0,1.0,1.0
bm25,nodia_m_083,test,no_diacritic,quan co thanh long binh thuan khong,menu:m_083,menu:m_083;policy:wifi;policy:allergen_safety;policy:ai_role;menu:m_048;policy:payment;menu:m_082;menu:m_050;menu:m_053;policy:opening_hours,24.659615919045795,9.618426854874333,0.057406999985687435,1.0,1.0,1.0,1.0,1.0,1.0,1.0
bm25,nodia_m_084,test,no_diacritic,quan co du du chin mat ong khong,menu:m_084,menu:m_084;policy:wifi;menu:m_091;menu:m_036;policy:allergen_safety;policy:availability;policy:ai_role;menu:m_015;menu:m_050;menu:m_053,23.47221009637057,9.618426854874333,0.06316500002867542,1.0,1.0,1.0,1.0,1.0,1.0,1.0
bm25,nodia_m_086,test,no_diacritic,quan co bia ha noi khong,menu:m_086,menu:m_086;menu:m_088;menu:m_090;menu:m_058;policy:wifi;menu:m_049;menu:m_011;menu:m_002;menu:m_087;menu:m_085,15.568554561192949,9.618426854874333,0.10083200140797999,1.0,1.0,1.0,1.0,1.0,1.0,1.0
bm25,nodia_m_087,test,no_diacritic,quan co bia tiger crystal khong,menu:m_087,menu:m_087;policy:wifi;menu:m_086;menu:m_088;menu:m_085;policy:allergen_safety;policy:ai_role;menu:m_050;policy:opening_hours;policy:availability,22.268461011821934,9.618426854874333,0.052549999963957816,1.0,1.0,1.0,1.0,1.0,1.0,1.0
bm25,nodia_m_088,test,no_diacritic,quan co bia hoi ha noi khong,menu:m_088,menu:m_088;menu:m_086;menu:m_090;policy:wifi;menu:m_058;menu:m_049;menu:m_011;menu:m_002;menu:m_087;menu:m_085,20.75089783727436,9.618426854874333,0.06560899964824785,1.0,1.0,1.0,1.0,1.0,1.0,1.0
bm25,nodia_m_091,test,no_diacritic,quan co cocktail chanh dao mat ong khong,menu:m_091,menu:m_091;policy:wifi;menu:m_084;menu:m_036;menu:m_060;menu:m_037;policy:allergen_safety;policy:ai_role;menu:m_015;menu:m_050,30.80253871033227,9.618426854874333,0.06381599996529985,1.0,1.0,1.0,1.0,1.0,1.0,1.0
bm25,pol_001,test,policy_paraphrase,Bạn chốt đơn rồi gửi xuống bếp giúp mình nhé,policy:ai_role,policy:cancel_order;policy:reservation;policy:ai_role;policy:ordering_scope;menu:m_019;menu:m_008;menu:m_087;menu:m_086;menu:m_072;menu:m_014,11.29721420437973,9.618426854874333,0.04658100078813732,0.0,1.0,1.0,1.0,0.3333333333333333,0.5,1.0
bm25,pol_002,test,policy_paraphrase,AI có thể tự mua và trả tiền hộ tôi không?,policy:ai_role,policy:ai_role;policy:payment;menu:m_061;policy:opening_hours;policy:cancel_order;policy:allergen_safety;policy:wifi;menu:m_062;policy:availability;menu:m_078,20.37416435919287,9.618426854874333,0.08051099939621054,1.0,1.0,1.0,1.0,1.0,1.0,1.0
bm25,pol_003,test,policy_paraphrase,Tôi đặt đồ rồi ghé quán lấy sau được không?,policy:ordering_scope,policy:wifi;policy:ordering_scope;policy:availability;policy:ai_role;menu:m_080;policy:reservation;policy:cancel_order;menu:m_082;menu:m_028;policy:allergen_safety,11.239052273814142,9.618426854874333,0.059699999837903306,0.0,1.0,1.0,1.0,0.5,0.6309297535714575,1.0
bm25,pol_004,test,policy_paraphrase,Ở đây trả tiền theo những cách nào?,policy:payment,policy:parking;policy:payment;menu:m_078;menu:m_030;menu:m_060;menu:m_061;menu:m_062;menu:m_080;policy:availability;policy:reservation,9.160692084012915,9.618426854874333,0.04585900023812428,0.0,1.0,1.0,1.0,0.5,0.6309297535714575,0.0
bm25,pol_005,test,policy_paraphrase,Tối muộn khoảng mười giờ quán còn phục vụ chứ?,policy:opening_hours,policy:opening_hours;policy:availability;menu:m_024;menu:m_040;policy:reservation;menu:m_028;policy:ai_role;policy:wifi;menu:m_037;menu:m_010,18.386700628562792,9.618426854874333,0.05419100125436671,1.0,1.0,1.0,1.0,1.0,1.0,1.0
bm25,pol_007,test,policy_paraphrase,Nếu đi ô tô thì tôi để xe chỗ nào?,policy:parking,policy:parking;policy:allergen_safety;menu:m_034;menu:m_028;menu:m_067;menu:m_018;menu:m_069;menu:m_065;menu:m_049;menu:m_016,21.75223587206301,9.618426854874333,0.05244900057732593,1.0,1.0,1.0,1.0,1.0,1.0,1.0
bm25,pol_009,test,policy_paraphrase,Món đã gửi xuống bếp rồi có đổi lại được không?,policy:cancel_order,policy:cancel_order;policy:availability;policy:ai_role;policy:wifi;policy:allergen_safety;menu:m_082;menu:m_050;policy:parking;menu:m_019;menu:m_053,15.081915375691137,9.618426854874333,0.07799800005159341,1.0,1.0,1.0,1.0,1.0,1.0,1.0
bm25,pol_010,test,policy_paraphrase,"Tôi dị ứng nặng, thông tin thành phần trên menu có bảo đảm tuyệt đối không?",policy:allergen_safety,policy:allergen_safety;policy:ai_role;policy:cancel_order;policy:payment;policy:opening_hours;menu:m_061;policy:wifi;menu:m_033;menu:m_085;menu:m_028,43.51824402471155,9.618426854874333,0.08712099952390417,1.0,1.0,1.0,1.0,1.0,1.0,1.0
bm25,sem_002,test,semantic_paraphrase,Có thức uống mát nào vừa có cam vừa thơm mùi sả không?,menu:m_060,menu:m_060;menu:m_064;menu:m_039;menu:m_089;menu:m_026;policy:payment;policy:wifi;menu:m_059;menu:m_027;menu:m_074,14.593312425185944,9.618426854874333,0.08569899910071399,1.0,1.0,1.0,1.0,1.0,1.0,1.0
bm25,sem_003,test,semantic_paraphrase,Tìm giúp món chay dạng canh thanh mát có rau củ,menu:m_053,menu:m_053;menu:m_050;menu:m_031;menu:m_056;menu:m_055;menu:m_052;menu:m_038;policy:payment;policy:availability;menu:m_068,17.92675026169884,9.618426854874333,0.0970069995673839,1.0,1.0,1.0,1.0,1.0,1.0,1.0
bm25,sem_004,test,semantic_paraphrase,Tôi muốn món chay dạng nước có vị sả ớt kiểu Huế,menu:m_056,menu:m_056;menu:m_050;menu:m_010;menu:m_039;menu:m_038;menu:m_027;menu:m_055;menu:m_040;menu:m_031;menu:m_026,21.386543937737642,9.618426854874333,0.10840299910341855,1.0,1.0,1.0,1.0,1.0,1.0,1.0
bm25,sem_006,test,semantic_paraphrase,Món sợi dai đặc sản Hội An ăn cùng thịt xá xíu,menu:m_044,menu:m_044;menu:m_043;menu:m_016;menu:m_048;menu:m_047;menu:m_059;menu:m_070;menu:m_046;menu:m_088;menu:m_045,31.713331061992164,9.618426854874333,0.11369200001354329,1.0,1.0,1.0,1.0,1.0,1.0,1.0
bm25,sem_007,test,semantic_paraphrase,"Món gà nước thanh, mềm và phù hợp cho người lớn tuổi",menu:m_041,menu:m_041;menu:m_036;menu:m_038;menu:m_042;policy:allergen_safety;menu:m_039;menu:m_087;menu:m_037;menu:m_040;menu:m_086,13.221634833723867,9.618426854874333,0.12258499918971211,1.0,1.0,1.0,1.0,1.0,1.0,1.0
bm25,sem_008,test,semantic_paraphrase,Hải sản sốt chua ngọt có thể ăn kèm bánh mì nóng,menu:m_025,menu:m_025;menu:m_033;menu:m_006;menu:m_054;menu:m_043;menu:m_004;menu:m_022;menu:m_034;menu:m_026;menu:m_044,24.651938764033265,9.618426854874333,0.10878500143007841,1.0,1.0,1.0,1.0,1.0,1.0,1.0
bm25,sem_009,test,semantic_paraphrase,Buổi tối muộn tôi muốn một món cháo nóng có lòng heo,menu:m_048,menu:m_048;menu:m_073;menu:m_082;menu:m_083;menu:m_021;menu:m_050;policy:availability;menu:m_047;menu:m_028;policy:ai_role,17.955469391662895,9.618426854874333,0.07346100028371438,1.0,1.0,1.0,1.0,1.0,1.0,1.0
bm25,sem_010,test,semantic_paraphrase,Tráng miệng lạnh có hạnh nhân và vải thiều,menu:m_071,menu:m_071;menu:m_075;policy:ai_role;policy:allergen_safety;menu:m_081;menu:m_074;menu:m_073;policy:wifi;policy:availability;menu:m_072,19.638058071785135,9.618426854874333,0.08868399891071022,1.0,1.0,1.0,1.0,1.0,1.0,1.0
bm25,sem_012,test,semantic_paraphrase,Món gà chiên giòn vị nước mắm phù hợp cho trẻ em,menu:m_038,menu:m_038;menu:m_036;menu:m_040;menu:m_002;menu:m_062;menu:m_014;policy:ordering_scope;menu:m_016;menu:m_041;menu:m_072,27.665891931697132,9.618426854874333,0.11624600119830575,1.0,1.0,1.0,1.0,1.0,1.0,1.0
bm25,sem_013,test,semantic_paraphrase,Nhóm tôi muốn ăn lẩu hoàn toàn không có thịt,menu:m_031,menu:m_044;policy:ai_role;menu:m_034;policy:allergen_safety;policy:payment;menu:m_030;menu:m_031;menu:m_033;policy:opening_hours;menu:m_029,11.450792820324198,9.618426854874333,0.08266500117315445,0.0,0.0,0.0,0.0,0.14285714285714285,0.3333333333333333,1.0
bm25,sem_014,test,semantic_paraphrase,Đi bốn người muốn ăn lẩu bò có vị chua dịu,menu:m_030,menu:m_030;menu:m_029;policy:allergen_safety;menu:m_033;menu:m_034;menu:m_044;menu:m_031;menu:m_041;menu:m_021;menu:m_035,15.865127062442653,9.618426854874333,0.08093200085568242,1.0,1.0,1.0,1.0,1.0,1.0,1.0
bm25,sem_015,test,semantic_paraphrase,Thức uống lên men bình dân đặc trưng Hà Nội,menu:m_088,menu:m_088;menu:m_058;menu:m_090;menu:m_049;menu:m_002;menu:m_086;menu:m_059;menu:m_011;menu:m_070;menu:m_006,16.771708588121026,9.618426854874333,0.07030599954305217,1.0,1.0,1.0,1.0,1.0,1.0,1.0
bm25,sem_017,test,semantic_paraphrase,"Món cuốn không thịt có đậu hũ, rau thơm và bơ",menu:m_052,menu:m_052;menu:m_050;menu:m_001;menu:m_054;menu:m_047;policy:allergen_safety;menu:m_034;policy:ai_role;menu:m_004;menu:m_030,17.877260478655263,9.618426854874333,0.12806299855583347,1.0,1.0,1.0,1.0,1.0,1.0,1.0
embedding,category_cat_alcohol,test,category_intent,Gợi ý các món thuộc nhóm Bia & Rượu,menu:m_085;menu:m_086;menu:m_087;menu:m_088;menu:m_089;menu:m_090;menu:m_091,menu:m_089;menu:m_087;menu:m_086;menu:m_085;menu:m_088;menu:m_091;menu:m_003;menu:m_075;menu:m_059;menu:m_037,0.7911385297775269,0.38458649814128876,4.442708001079154,1.0,1.0,1.0,0.7142857142857143,1.0,0.9083745556952363,1.0
embedding,category_cat_appetizer,test,category_intent,Gợi ý các món thuộc nhóm Khai vị,menu:m_001;menu:m_002;menu:m_003;menu:m_004;menu:m_005;menu:m_006;menu:m_007,menu:m_014;menu:m_049;menu:m_032;menu:m_075;menu:m_003;menu:m_011;menu:m_006;menu:m_044;menu:m_035;menu:m_002,0.6373980045318604,0.38458649814128876,3.5691089997271774,0.0,0.0,1.0,0.14285714285714285,0.2,0.2774192047677609,1.0
embedding,category_cat_dessert,test,category_intent,Gợi ý các món thuộc nhóm Tráng miệng,menu:m_071;menu:m_072;menu:m_073;menu:m_074;menu:m_075;menu:m_076;menu:m_077,menu:m_014;menu:m_076;menu:m_041;menu:m_073;menu:m_075;menu:m_009;menu:m_058;menu:m_077;menu:m_049;menu:m_011,0.5227137804031372,0.38458649814128876,3.4377409992885077,0.0,1.0,1.0,0.42857142857142855,0.5,0.484860959467952,1.0
embedding,category_cat_drink,test,category_intent,Gợi ý các món thuộc nhóm Cà phê & Trà,menu:m_057;menu:m_058;menu:m_059;menu:m_060;menu:m_061;menu:m_062;menu:m_063,menu:m_058;menu:m_060;menu:m_061;menu:m_057;menu:m_059;menu:m_063;menu:m_062;menu:m_053;menu:m_075;menu:m_076,0.7896152138710022,0.38458649814128876,4.610260000845301,1.0,1.0,1.0,0.7142857142857143,1.0,1.0,1.0
embedding,category_cat_fruit,test,category_intent,Gợi ý các món thuộc nhóm Trái cây tươi,menu:m_078;menu:m_079;menu:m_080;menu:m_081;menu:m_082;menu:m_083;menu:m_084,menu:m_082;menu:m_081;menu:m_069;menu:m_079;menu:m_078;menu:m_071;menu:m_056;menu:m_074;menu:m_052;menu:m_075,0.781082272529602,0.38458649814128876,3.5435809986665845,1.0,1.0,1.0,0.5714285714285714,1.0,0.6730234638881232,1.0
embedding,category_cat_hotpot,test,category_intent,Gợi ý các món thuộc nhóm Lẩu,menu:m_029;menu:m_030;menu:m_031;menu:m_032;menu:m_033;menu:m_034;menu:m_035,menu:m_014;menu:m_075;menu:m_049;menu:m_003;menu:m_035;menu:m_032;menu:m_009;menu:m_044;menu:m_041;menu:m_082,0.6207384467124939,0.38458649814128876,3.5620279995782766,0.0,0.0,1.0,0.14285714285714285,0.2,0.20424960638019765,1.0
embedding,category_cat_main,test,category_intent,Gợi ý các món thuộc nhóm Cơm Việt,menu:m_015;menu:m_016;menu:m_017;menu:m_018;menu:m_019;menu:m_020;menu:m_021,menu:m_015;menu:m_042;menu:m_016;menu:m_017;menu:m_033;menu:m_019;menu:m_020;menu:m_043;menu:m_032;menu:m_018,0.7973335981369019,0.38458649814128876,3.4763690000545466,1.0,1.0,1.0,0.42857142857142855,1.0,0.7996927414142981,1.0
embedding,category_cat_noodle,test,category_intent,Gợi ý các món thuộc nhóm Phở & Bún,menu:m_008;menu:m_009;menu:m_010;menu:m_011;menu:m_012;menu:m_013;menu:m_014,menu:m_014;menu:m_049;menu:m_009;menu:m_003;menu:m_075;menu:m_035;menu:m_041;menu:m_023;menu:m_044;menu:m_038,0.5956527590751648,0.38458649814128876,3.6430700001801597,1.0,1.0,1.0,0.2857142857142857,1.0,0.4123144993714363,1.0
embedding,category_cat_regional,test,category_intent,Gợi ý các món thuộc nhóm Đặc sản vùng miền,menu:m_043;menu:m_044;menu:m_045;menu:m_046;menu:m_047;menu:m_048;menu:m_049,menu:m_044;menu:m_046;menu:m_048;menu:m_003;menu:m_049;menu:m_070;menu:m_035;menu:m_043;menu:m_014;menu:m_079,0.6000785827636719,0.38458649814128876,3.535076999469311,1.0,1.0,1.0,0.5714285714285714,1.0,0.7787926658840254,1.0
embedding,category_cat_seafood,test,category_intent,Gợi ý các món thuộc nhóm Hải sản,menu:m_022;menu:m_023;menu:m_024;menu:m_025;menu:m_026;menu:m_027;menu:m_028,menu:m_023;menu:m_027;menu:m_026;menu:m_029;menu:m_033;menu:m_022;menu:m_013;menu:m_018;menu:m_035;menu:m_003,0.7872668504714966,0.38458649814128876,3.3353159997204784,1.0,1.0,1.0,0.42857142857142855,1.0,0.6836550817096436,1.0
embedding,exact_m_002,test,exact_name,Cho tôi thông tin về Nem rán Hà Nội,menu:m_002,menu:m_070;menu:m_032;menu:m_048;menu:m_017;menu:m_011;menu:m_015;menu:m_002;menu:m_090;menu:m_006;menu:m_083,0.622904360294342,0.38458649814128876,3.327923999677296,0.0,0.0,0.0,0.0,0.14285714285714285,0.3333333333333333,1.0
embedding,exact_m_003,test,exact_name,Cho tôi thông tin về Bánh xèo miền Tây,menu:m_003,menu:m_003;menu:m_023;menu:m_047;menu:m_004;menu:m_036;menu:m_043;menu:m_076;menu:m_045;menu:m_040;menu:m_001,0.6077309846878052,0.38458649814128876,3.5618679994513514,1.0,1.0,1.0,1.0,1.0,1.0,1.0
embedding,exact_m_005,test,exact_name,Cho tôi thông tin về Gỏi xoài tôm sú,menu:m_005,menu:m_029;menu:m_023;menu:m_049;menu:m_009;menu:m_035;menu:m_026;menu:m_013;menu:m_027;menu:m_046;menu:m_038,0.695864737033844,0.38458649814128876,3.7954400013404666,0.0,0.0,0.0,0.0,0.0,0.0,1.0
embedding,exact_m_010,test,exact_name,Cho tôi thông tin về Bún bò Huế,menu:m_010,menu:m_010;menu:m_008;menu:m_030;menu:m_044;menu:m_056;menu:m_003;menu:m_035;menu:m_069;menu:m_077;menu:m_075,0.6809718608856201,0.38458649814128876,3.223396999601391,1.0,1.0,1.0,1.0,1.0,1.0,1.0
embedding,exact_m_011,test,exact_name,Cho tôi thông tin về Bún chả Hà Nội,menu:m_011,menu:m_048;menu:m_070;menu:m_032;menu:m_017;menu:m_049;menu:m_015;menu:m_016;menu:m_011;menu:m_046;menu:m_083,0.6737211346626282,0.38458649814128876,3.455607000432792,0.0,0.0,0.0,0.0,0.125,0.31546487678572877,1.0
embedding,exact_m_014,test,exact_name,Cho tôi thông tin về Bún đậu mắm tôm,menu:m_014,menu:m_029;menu:m_023;menu:m_038;menu:m_049;menu:m_043;menu:m_009;menu:m_026;menu:m_073;menu:m_046;menu:m_005,0.6124114990234375,0.38458649814128876,3.9541099995403783,0.0,0.0,0.0,0.0,0.0,0.0,1.0
embedding,exact_m_018,test,exact_name,Cho tôi thông tin về Cơm cá kho tộ,menu:m_018,menu:m_023;menu:m_026;menu:m_018;menu:m_029;menu:m_033;menu:m_046;menu:m_027;menu:m_043;menu:m_022;menu:m_013,0.7254474759101868,0.38458649814128876,3.523280000081286,0.0,1.0,1.0,1.0,0.3333333333333333,0.5,1.0
embedding,exact_m_019,test,exact_name,Cho tôi thông tin về Cơm chiên Sài Gòn,menu:m_019,menu:m_019;menu:m_043;menu:m_016;menu:m_049;menu:m_015;menu:m_017;menu:m_046;menu:m_042;menu:m_048;menu:m_033,0.7668015956878662,0.38458649814128876,3.759114999411395,1.0,1.0,1.0,1.0,1.0,1.0,1.0
embedding,exact_m_021,test,exact_name,Cho tôi thông tin về Cơm bò lúc lắc,menu:m_021,menu:m_008;menu:m_030;menu:m_021;menu:m_009;menu:m_034;menu:m_036;menu:m_049;menu:m_023;menu:m_003;menu:m_043,0.7073243856430054,0.38458649814128876,3.3096269999077776,0.0,1.0,1.0,1.0,0.3333333333333333,0.5,1.0
embedding,exact_m_022,test,exact_name,Cho tôi thông tin về Tôm hùm nướng mỡ hành,menu:m_022,menu:m_022;menu:m_023;menu:m_033;menu:m_026;menu:m_024;menu:m_001;menu:m_047;menu:m_053;menu:m_038;menu:m_004,0.6885727643966675,0.38458649814128876,3.861238999888883,1.0,1.0,1.0,1.0,1.0,1.0,1.0
embedding,exact_m_023,test,exact_name,Cho tôi thông tin về Cá lóc nướng trui,menu:m_023,menu:m_023;menu:m_009;menu:m_029;menu:m_049;menu:m_036;menu:m_041;menu:m_038;menu:m_076;menu:m_003;menu:m_046,0.6034550070762634,0.38458649814128876,3.484961998765357,1.0,1.0,1.0,1.0,1.0,1.0,1.0
embedding,exact_m_024,test,exact_name,Cho tôi thông tin về Tôm rang muối Tây Ninh,menu:m_024,menu:m_024;menu:m_035;menu:m_032;menu:m_003;menu:m_033;menu:m_023;menu:m_049;menu:m_040;menu:m_043;menu:m_002,0.47245877981185913,0.38458649814128876,3.636039999037166,1.0,1.0,1.0,1.0,1.0,1.0,1.0
embedding,exact_m_025,test,exact_name,Cho tôi thông tin về Cua rang me,menu:m_025,menu:m_025;menu:m_044;menu:m_032;menu:m_049;menu:m_090;menu:m_048;menu:m_010;menu:m_006;menu:m_054;menu:m_011,0.5231335163116455,0.38458649814128876,3.2356860010622768,1.0,1.0,1.0,1.0,1.0,1.0,1.0
embedding,exact_m_026,test,exact_name,Cho tôi thông tin về Mực xào sa tế,menu:m_026,menu:m_041;menu:m_046;menu:m_068;menu:m_065;menu:m_083;menu:m_044;menu:m_048;menu:m_043;menu:m_075;menu:m_029,0.41284841299057007,0.38458649814128876,3.568358000848093,0.0,0.0,0.0,0.0,0.0,0.0,1.0
embedding,exact_m_027,test,exact_name,Cho tôi thông tin về Nghêu hấp sả,menu:m_027,menu:m_041;menu:m_075;menu:m_009;menu:m_049;menu:m_073;menu:m_032;menu:m_029;menu:m_083;menu:m_053;menu:m_070,0.420488178730011,0.38458649814128876,3.473265000138781,0.0,0.0,0.0,0.0,0.0,0.0,1.0
embedding,exact_m_028,test,exact_name,Cho tôi thông tin về Ốc hương rang bơ tỏi,menu:m_028,menu:m_028;menu:m_024;menu:m_040;menu:m_038;menu:m_053;menu:m_001;menu:m_026;menu:m_039;menu:m_036;menu:m_052,0.7317612767219543,0.38458649814128876,3.946879000068293,1.0,1.0,1.0,1.0,1.0,1.0,1.0
embedding,exact_m_029,test,exact_name,Cho tôi thông tin về Lẩu chua cá lăng,menu:m_029,menu:m_029;menu:m_023;menu:m_027;menu:m_071;menu:m_035;menu:m_077;menu:m_026;menu:m_013;menu:m_075;menu:m_038,0.7657504081726074,0.38458649814128876,3.489688999252394,1.0,1.0,1.0,1.0,1.0,1.0,1.0
embedding,exact_m_030,test,exact_name,Cho tôi thông tin về Lẩu bò nhúng giấm,menu:m_030,menu:m_008;menu:m_030;menu:m_049;menu:m_009;menu:m_046;menu:m_003;menu:m_034;menu:m_023;menu:m_035;menu:m_014,0.6529297828674316,0.38458649814128876,3.9845660012360895,0.0,1.0,1.0,1.0,0.5,0.6309297535714575,1.0
embedding,exact_m_031,test,exact_name,Cho tôi thông tin về Lẩu nấm chay,menu:m_031,menu:m_050;menu:m_031;menu:m_053;menu:m_049;menu:m_029;menu:m_041;menu:m_038;menu:m_052;menu:m_023;menu:m_044,0.596647322177887,0.38458649814128876,3.5904609994759085,0.0,1.0,1.0,1.0,0.5,0.6309297535714575,1.0
embedding,exact_m_032,test,exact_name,Cho tôi thông tin về Lẩu gà lá é Đà Lạt,menu:m_032,menu:m_049;menu:m_009;menu:m_023;menu:m_016;menu:m_046;menu:m_038;menu:m_029;menu:m_032;menu:m_041;menu:m_043,0.7759181261062622,0.38458649814128876,3.7732370001322124,0.0,0.0,0.0,0.0,0.125,0.31546487678572877,1.0
embedding,exact_m_033,test,exact_name,Cho tôi thông tin về Lẩu hải sản chua cay,menu:m_033,menu:m_029;menu:m_023;menu:m_026;menu:m_027;menu:m_033;menu:m_022;menu:m_018;menu:m_013;menu:m_025;menu:m_024,0.7568265199661255,0.38458649814128876,3.816852999079856,0.0,0.0,1.0,1.0,0.2,0.38685280723454163,1.0
embedding,exact_m_034,test,exact_name,Cho tôi thông tin về Lẩu dê thuốc bắc,menu:m_034,menu:m_034;menu:m_041;menu:m_049;menu:m_008;menu:m_030;menu:m_009;menu:m_035;menu:m_023;menu:m_029;menu:m_013,0.5457624197006226,0.38458649814128876,3.7770119997730944,1.0,1.0,1.0,1.0,1.0,1.0,1.0
embedding,exact_m_035,test,exact_name,Cho tôi thông tin về Lẩu mắm miền Tây,menu:m_035,menu:m_035;menu:m_003;menu:m_013;menu:m_061;menu:m_044;menu:m_023;menu:m_046;menu:m_049;menu:m_079;menu:m_075,0.5088514089584351,0.38458649814128876,4.188073000477743,1.0,1.0,1.0,1.0,1.0,1.0,1.0
embedding,exact_m_036,test,exact_name,Cho tôi thông tin về Gà nướng mật ong,menu:m_036,menu:m_036;menu:m_084;menu:m_076;menu:m_040;menu:m_043;menu:m_004;menu:m_023;menu:m_047;menu:m_053;menu:m_038,0.536485493183136,0.38458649814128876,3.4323219988436904,1.0,1.0,1.0,1.0,1.0,1.0,1.0
embedding,exact_m_038,test,exact_name,Cho tôi thông tin về Cánh gà chiên nước mắm,menu:m_038,menu:m_009;menu:m_049;menu:m_023;menu:m_029;menu:m_046;menu:m_038;menu:m_016;menu:m_041;menu:m_013;menu:m_035,0.7106584310531616,0.38458649814128876,4.020369999125251,0.0,0.0,0.0,0.0,0.16666666666666666,0.3562071871080222,1.0
embedding,exact_m_039,test,exact_name,Cho tôi thông tin về Gà xào sả ớt,menu:m_039,menu:m_040;menu:m_039;menu:m_026;menu:m_038;menu:m_053;menu:m_036;menu:m_024;menu:m_027;menu:m_023;menu:m_028,0.6817595362663269,0.38458649814128876,4.655168999306625,0.0,1.0,1.0,1.0,0.5,0.6309297535714575,1.0
embedding,exact_m_041,test,exact_name,Cho tôi thông tin về Gà tiềm thuốc bắc,menu:m_041,menu:m_041;menu:m_031;policy:allergen_safety;menu:m_050;menu:m_053;menu:m_054;menu:m_073;menu:m_049;menu:m_027;menu:m_068,0.5518118143081665,0.38458649814128876,3.8275389997579623,1.0,1.0,1.0,1.0,1.0,1.0,1.0
embedding,exact_m_042,test,exact_name,Cho tôi thông tin về Gà rô ti kiểu Việt,menu:m_042,menu:m_070;menu:m_048;menu:m_032;menu:m_015;menu:m_017;menu:m_016;menu:m_019;menu:m_049;menu:m_042;menu:m_033,0.6678152084350586,0.38458649814128876,3.383658999155159,0.0,0.0,0.0,0.0,0.1111111111111111,0.3010299956639812,1.0
embedding,exact_m_043,test,exact_name,Cho tôi thông tin về Mì Quảng tôm thịt,menu:m_043,menu:m_043;menu:m_023;menu:m_009;menu:m_049;menu:m_036;menu:m_003;menu:m_047;menu:m_046;menu:m_001;menu:m_038,0.7036036252975464,0.38458649814128876,3.6709420000988757,1.0,1.0,1.0,1.0,1.0,1.0,1.0
embedding,exact_m_044,test,exact_name,Cho tôi thông tin về Cao lầu Hội An,menu:m_044,menu:m_044;menu:m_048;menu:m_070;menu:m_003;menu:m_049;menu:m_046;menu:m_032;menu:m_035;menu:m_085;menu:m_043,0.37319594621658325,0.38458649814128876,3.6602359996322775,1.0,1.0,1.0,1.0,1.0,1.0,0.0
embedding,exact_m_045,test,exact_name,Cho tôi thông tin về Bê thui Cầu Mống,menu:m_045,menu:m_045;menu:m_061;menu:m_075;menu:m_035;menu:m_048;menu:m_070;menu:m_059;menu:m_032;menu:m_085;menu:m_088,0.5259705781936646,0.38458649814128876,3.443868999966071,1.0,1.0,1.0,1.0,1.0,1.0,1.0
embedding,exact_m_046,test,exact_name,Cho tôi thông tin về Hủ tiếu Nam Vang,menu:m_046,menu:m_048;menu:m_070;menu:m_046;menu:m_032;menu:m_017;menu:m_049;menu:m_044;menu:m_015;menu:m_059;menu:m_016,0.6817346811294556,0.38458649814128876,3.572874000383308,0.0,1.0,1.0,1.0,0.3333333333333333,0.5,1.0
embedding,exact_m_047,test,exact_name,Cho tôi thông tin về Bánh tráng cuốn thịt heo,menu:m_047,menu:m_047;menu:m_036;menu:m_001;menu:m_023;menu:m_043;menu:m_004;menu:m_003;menu:m_009;menu:m_076;menu:m_039,0.7600778937339783,0.38458649814128876,3.7018689999968046,1.0,1.0,1.0,1.0,1.0,1.0,1.0
embedding,exact_m_048,test,exact_name,Cho tôi thông tin về Cháo lòng Sài Gòn,menu:m_048,menu:m_048;menu:m_070;menu:m_015;menu:m_032;menu:m_017;menu:m_059;menu:m_019;menu:m_090;menu:m_016;menu:m_006,0.7954086065292358,0.38458649814128876,3.2080029995995574,1.0,1.0,1.0,1.0,1.0,1.0,1.0
embedding,exact_m_050,test,exact_name,Cho tôi thông tin về Phở chay nấm đông cô,menu:m_050,menu:m_053;menu:m_050;menu:m_075;menu:m_049;menu:m_038;menu:m_009;menu:m_031;menu:m_014;menu:m_032;menu:m_052,0.6485605239868164,0.38458649814128876,3.7425299997266848,0.0,1.0,1.0,1.0,0.5,0.6309297535714575,1.0
embedding,exact_m_051,test,exact_name,Cho tôi thông tin về Cơm chiên chay ngũ sắc,menu:m_051,menu:m_034;menu:m_023;menu:m_043;menu:m_049;menu:m_009;menu:m_003;menu:m_047;menu:m_051;menu:m_021;menu:m_001,0.7154983878135681,0.38458649814128876,3.7217379995126976,0.0,0.0,0.0,0.0,0.125,0.31546487678572877,1.0
embedding,exact_m_052,test,exact_name,Cho tôi thông tin về Gỏi cuốn chay,menu:m_052,menu:m_075;menu:m_058;menu:m_053;menu:m_003;menu:m_049;menu:m_059;menu:m_041;menu:m_076;menu:m_038;menu:m_046,0.49473005533218384,0.38458649814128876,3.4356970008957433,0.0,0.0,0.0,0.0,0.0,0.0,1.0
embedding,exact_m_053,test,exact_name,Cho tôi thông tin về Canh khổ qua nhồi nấm,menu:m_053,menu:m_053;menu:m_031;menu:m_050;menu:m_041;menu:m_052;menu:m_073;menu:m_049;menu:m_081;menu:m_074;menu:m_075,0.6218442916870117,0.38458649814128876,3.5429989984550048,1.0,1.0,1.0,1.0,1.0,1.0,1.0
embedding,exact_m_054,test,exact_name,Cho tôi thông tin về Đậu hũ sốt cà chua,menu:m_054,menu:m_054;menu:m_012;menu:m_005;menu:m_041;menu:m_073;menu:m_056;menu:m_050;menu:m_038;menu:m_052;menu:m_053,0.6083987355232239,0.38458649814128876,3.8791970000602305,1.0,1.0,1.0,1.0,1.0,1.0,1.0
embedding,exact_m_056,test,exact_name,Cho tôi thông tin về Bún chay Huế,menu:m_056,menu:m_010;menu:m_056;menu:m_075;menu:m_082;menu:m_020;menu:m_077;menu:m_069;menu:m_044;menu:m_037;menu:m_079,0.643049955368042,0.38458649814128876,3.149595999275334,0.0,1.0,1.0,1.0,0.5,0.6309297535714575,1.0
embedding,exact_m_057,test,exact_name,Cho tôi thông tin về Cà phê sữa đá,menu:m_057,menu:m_057;menu:m_058;menu:m_062;menu:m_063;menu:m_067;menu:m_059;menu:m_065;menu:m_060;menu:m_061;menu:m_053,0.7661234140396118,0.38458649814128876,3.4016259996860754,1.0,1.0,1.0,1.0,1.0,1.0,1.0
embedding,exact_m_060,test,exact_name,Cho tôi thông tin về Trà đào cam sả,menu:m_060,menu:m_060;menu:m_061;menu:m_059;menu:m_058;menu:m_062;menu:m_069;menu:m_075;menu:m_063;menu:m_079;menu:m_071,0.7111765146255493,0.38458649814128876,3.1955549984559184,1.0,1.0,1.0,1.0,1.0,1.0,1.0
embedding,exact_m_061,test,exact_name,Cho tôi thông tin về Trà sen Tây Hồ,menu:m_061,menu:m_061;menu:m_060;menu:m_062;menu:m_058;menu:m_059;menu:m_075;menu:m_035;menu:m_045;menu:m_057;menu:m_003,0.8014613389968872,0.38458649814128876,3.3776500004023546,1.0,1.0,1.0,1.0,1.0,1.0,1.0
embedding,exact_m_062,test,exact_name,Cho tôi thông tin về Trà sữa trân châu,menu:m_062,menu:m_062;menu:m_057;menu:m_058;menu:m_065;menu:m_069;menu:m_067;menu:m_061;menu:m_060;menu:m_063;menu:m_053,0.7594972848892212,0.38458649814128876,3.322948001368786,1.0,1.0,1.0,1.0,1.0,1.0,1.0
embedding,exact_m_063,test,exact_name,Cho tôi thông tin về Cà phê dừa,menu:m_063,menu:m_063;menu:m_077;menu:m_071;menu:m_073;menu:m_076;menu:m_058;menu:m_074;menu:m_057;menu:m_059;menu:m_037,0.8106586933135986,0.38458649814128876,3.033801000128733,1.0,1.0,1.0,1.0,1.0,1.0,1.0
embedding,exact_m_065,test,exact_name,Cho tôi thông tin về Sinh tố bơ Đắk Lắk,menu:m_065,menu:m_067;menu:m_065;menu:m_069;menu:m_071;menu:m_068;menu:m_041;menu:m_073;menu:m_024;menu:m_074;menu:m_029,0.506354808807373,0.38458649814128876,4.655968999941251,0.0,1.0,1.0,1.0,0.5,0.6309297535714575,1.0
embedding,exact_m_066,test,exact_name,Cho tôi thông tin về Nước ép dưa hấu,menu:m_066,menu:m_075;menu:m_066;menu:m_068;menu:m_027;menu:m_041;menu:m_067;menu:m_074;menu:m_031;menu:m_064;menu:m_077,0.6299558877944946,0.38458649814128876,3.613725999457529,0.0,1.0,1.0,1.0,0.5,0.6309297535714575,1.0
embedding,exact_m_067,test,exact_name,Cho tôi thông tin về Sinh tố xoài Hòa Lộc,menu:m_067,menu:m_044;menu:m_049;menu:m_029;menu:m_079;menu:m_041;menu:m_014;menu:m_035;menu:m_075;menu:m_069;menu:m_083,0.5670949220657349,0.38458649814128876,3.435227001318708,0.0,0.0,0.0,0.0,0.0,0.0,1.0
embedding,exact_m_068,test,exact_name,Cho tôi thông tin về Nước rau má,menu:m_068,menu:m_005;menu:m_031;menu:m_012;menu:m_050;menu:m_044;menu:m_068;menu:m_056;menu:m_055;menu:m_020;menu:m_069,0.6981143951416016,0.38458649814128876,2.989303000504151,0.0,0.0,0.0,0.0,0.16666666666666666,0.3562071871080222,1.0
embedding,exact_m_069,test,exact_name,Cho tôi thông tin về Sinh tố dâu tây Đà Lạt,menu:m_069,menu:m_069;menu:m_071;menu:m_077;menu:m_074;menu:m_052;menu:m_079;menu:m_050;menu:m_037;menu:m_056;menu:m_073,0.7496453523635864,0.38458649814128876,3.3555570007592905,1.0,1.0,1.0,1.0,1.0,1.0,1.0
embedding,exact_m_071,test,exact_name,Cho tôi thông tin về Chè khúc bạch,menu:m_071,policy:availability;menu:m_075;menu:m_041;menu:m_049;menu:m_032;menu:m_048;menu:m_070;menu:m_009;menu:m_014;menu:m_044,0.3476933240890503,0.38458649814128876,3.1946629987942288,0.0,0.0,0.0,0.0,0.0,0.0,0.0
embedding,exact_m_072,test,exact_name,Cho tôi thông tin về Bánh flan caramel,menu:m_072,menu:m_072;menu:m_004;menu:m_076;menu:m_047;menu:m_022;menu:m_052;menu:m_040;menu:m_050;menu:m_071;menu:m_053,0.8032886981964111,0.38458649814128876,3.331830001116032,1.0,1.0,1.0,1.0,1.0,1.0,1.0
embedding,exact_m_073,test,exact_name,Cho tôi thông tin về Chè bưởi,menu:m_073,menu:m_049;menu:m_075;menu:m_009;menu:m_032;menu:m_041;menu:m_014;menu:m_029;menu:m_044;menu:m_035;menu:m_003,0.41933804750442505,0.38458649814128876,3.1328799996117596,0.0,0.0,0.0,0.0,0.0,0.0,1.0
embedding,exact_m_076,test,exact_name,Cho tôi thông tin về Bánh chuối nướng,menu:m_076,menu:m_076;menu:m_004;menu:m_036;menu:m_023;menu:m_047;menu:m_040;menu:m_053;menu:m_058;menu:m_022;menu:m_072,0.6271753311157227,0.38458649814128876,3.1627650005248142,1.0,1.0,1.0,1.0,1.0,1.0,1.0
embedding,exact_m_077,test,exact_name,Cho tôi thông tin về Xôi xoài,menu:m_077,menu:m_049;menu:m_044;menu:m_035;menu:m_029;menu:m_014;menu:m_041;menu:m_009;menu:m_013;menu:m_075;menu:m_046,0.4114564061164856,0.38458649814128876,3.3667529987724265,0.0,0.0,0.0,0.0,0.0,0.0,1.0
embedding,exact_m_078,test,exact_name,Cho tôi thông tin về Đĩa trái cây theo mùa,menu:m_078,menu:m_078;menu:m_069;menu:m_074;menu:m_081;menu:m_071;menu:m_066;menu:m_056;menu:m_012;menu:m_077;menu:m_020,0.7560506463050842,0.38458649814128876,3.8675989999319427,1.0,1.0,1.0,1.0,1.0,1.0,1.0
embedding,exact_m_079,test,exact_name,Cho tôi thông tin về Xoài cát Hòa Lộc,menu:m_079,menu:m_079;menu:m_049;menu:m_067;menu:m_029;menu:m_023;menu:m_046;menu:m_003;menu:m_035;menu:m_048;menu:m_043,0.5747822523117065,0.38458649814128876,3.397669999685604,1.0,1.0,1.0,1.0,1.0,1.0,1.0
embedding,exact_m_080,test,exact_name,Cho tôi thông tin về Sầu riêng Ri6,menu:m_080,menu:m_080;menu:m_048;menu:m_070;menu:m_032;menu:m_044;menu:m_006;menu:m_075;menu:m_090;menu:m_029;menu:m_059,0.3889509439468384,0.38458649814128876,3.416468000068562,1.0,1.0,1.0,1.0,1.0,1.0,1.0
embedding,exact_m_081,test,exact_name,Cho tôi thông tin về Dưa hấu lạnh,menu:m_081,menu:m_075;menu:m_058;menu:m_053;menu:m_040;menu:m_081;menu:m_041;menu:m_036;menu:m_038;menu:m_074;menu:m_076,0.4240037202835083,0.38458649814128876,3.9507750007032882,0.0,0.0,1.0,1.0,0.2,0.38685280723454163,1.0
embedding,exact_m_082,test,exact_name,Cho tôi thông tin về Bưởi da xanh Bến Tre,menu:m_082,menu:m_082;menu:m_044;menu:m_049;menu:m_075;menu:m_003;menu:m_040;menu:m_046;menu:m_029;menu:m_035;menu:m_023,0.48155519366264343,0.38458649814128876,4.06839300012507,1.0,1.0,1.0,1.0,1.0,1.0,1.0
embedding,exact_m_083,test,exact_name,Cho tôi thông tin về Thanh long Bình Thuận,menu:m_083,menu:m_048;menu:m_070;menu:m_032;menu:m_083;menu:m_017;menu:m_015;menu:m_006;menu:m_049;menu:m_059;menu:m_016,0.6504800319671631,0.38458649814128876,3.179731000273023,0.0,0.0,1.0,1.0,0.25,0.43067655807339306,1.0
embedding,exact_m_084,test,exact_name,Cho tôi thông tin về Đu đủ chín mật ong,menu:m_084,menu:m_084;menu:m_091;menu:m_036;menu:m_029;menu:m_037;menu:m_075;menu:m_038;menu:m_079;menu:m_028;menu:m_002,0.8323867321014404,0.38458649814128876,3.7403070000436855,1.0,1.0,1.0,1.0,1.0,1.0,1.0
embedding,exact_m_086,test,exact_name,Cho tôi thông tin về Bia Hà Nội,menu:m_086,menu:m_085;menu:m_086;menu:m_048;menu:m_070;menu:m_088;menu:m_090;menu:m_015;menu:m_017;menu:m_087;policy:payment,0.6320727467536926,0.38458649814128876,3.3614749991102144,0.0,1.0,1.0,1.0,0.5,0.6309297535714575,1.0
embedding,exact_m_087,test,exact_name,Cho tôi thông tin về Bia Tiger Crystal,menu:m_087,menu:m_087;menu:m_085;menu:m_086;menu:m_089;menu:m_091;menu:m_088;menu:m_037;menu:m_079;menu:m_084;menu:m_035,0.8315887451171875,0.38458649814128876,3.2993719996738946,1.0,1.0,1.0,1.0,1.0,1.0,1.0
embedding,exact_m_088,test,exact_name,Cho tôi thông tin về Bia hơi Hà Nội,menu:m_088,menu:m_048;menu:m_085;menu:m_070;menu:m_086;menu:m_088;menu:m_017;menu:m_015;menu:m_032;menu:m_090;menu:m_006,0.6466411352157593,0.38458649814128876,3.831904999969993,0.0,0.0,1.0,1.0,0.2,0.38685280723454163,1.0
embedding,exact_m_091,test,exact_name,Cho tôi thông tin về Cocktail chanh đào mật ong,menu:m_091,menu:m_091;menu:m_037;menu:m_084;menu:m_075;menu:m_077;menu:m_069;menu:m_020;menu:m_060;menu:m_059;menu:m_071,0.7996978163719177,0.38458649814128876,3.4394230006000726,1.0,1.0,1.0,1.0,1.0,1.0,1.0
embedding,multi_001,test,multi_intent,Quán có WiFi không và cho tôi xem phở bò tái nạm,policy:wifi;menu:m_008,policy:wifi;menu:m_014;menu:m_058;menu:m_076;menu:m_011;menu:m_036;menu:m_039;menu:m_009;menu:m_059;menu:m_023,0.5337252616882324,0.38458649814128876,4.013348998341826,1.0,1.0,1.0,0.5,1.0,0.6131471927654584,1.0
embedding,multi_002,test,multi_intent,"Thanh toán bằng VietQR thế nào, và quán có cơm chay không?",policy:payment;menu:m_051,policy:payment;menu:m_048;menu:m_042;menu:m_015;menu:m_059;menu:m_019;menu:m_017;policy:ordering_scope;menu:m_070;menu:m_046,0.7502204179763794,0.38458649814128876,4.3866840005648555,1.0,1.0,1.0,0.5,1.0,0.6131471927654584,1.0
embedding,multi_003,test,multi_intent,Tôi đậu ô tô ở đâu và có bia Hà Nội không?,policy:parking;menu:m_086,menu:m_048;policy:parking;menu:m_070;menu:m_059;menu:m_032;menu:m_015;menu:m_017;menu:m_046;menu:m_037;menu:m_043,0.6191401481628418,0.38458649814128876,3.886308000801364,0.0,1.0,1.0,0.5,0.5,0.38685280723454163,1.0
embedding,multi_004,test,multi_intent,Quán mở đến mấy giờ và còn trà sen Tây Hồ chứ?,policy:opening_hours;menu:m_061,policy:opening_hours;menu:m_061;menu:m_058;menu:m_059;menu:m_075;menu:m_060;policy:reservation;menu:m_062;menu:m_040;menu:m_057,0.6738316416740417,0.38458649814128876,3.998166999735986,1.0,1.0,1.0,1.0,1.0,1.0,1.0
embedding,neg_003,test,hard_negative,Giá cổ phiếu hôm nay tăng hay giảm?,,,0.2277781367301941,0.38458649814128876,3.4060430007230025,,,,,,,1.0
embedding,neg_004,test,hard_negative,Giải phương trình bậc hai giúp tôi,,,0.353321373462677,0.38458649814128876,3.083274999880814,,,,,,,1.0
embedding,neg_005,test,hard_negative,Đội bóng nào vô địch mùa này?,,,0.28261685371398926,0.38458649814128876,3.5242109988757875,,,,,,,1.0
embedding,neg_006,test,hard_negative,Có nên mua bitcoin bây giờ không?,,,0.21160148084163666,0.38458649814128876,3.49854300111474,,,,,,,1.0
embedding,neg_007,test,hard_negative,Làm bài tập lịch sử cho tôi,,,0.33388572931289673,0.38458649814128876,2.9005090000282507,,,,,,,1.0
embedding,neg_008,test,hard_negative,Tóm tắt tin tức quốc tế mới nhất,,,0.2613599896430969,0.38458649814128876,3.2542940007260768,,,,,,,1.0
embedding,nodia_m_002,test,no_diacritic,quan co nem ran ha noi khong,menu:m_002,menu:m_032;menu:m_011;menu:m_090;menu:m_017;menu:m_070;menu:m_006;menu:m_002;menu:m_015;menu:m_014;menu:m_088,0.7382309436798096,0.38458649814128876,3.106049000052735,0.0,0.0,0.0,0.0,0.14285714285714285,0.3333333333333333,1.0
embedding,nodia_m_003,test,no_diacritic,quan co banh xeo mien tay khong,menu:m_003,menu:m_032;menu:m_070;menu:m_011;menu:m_014;menu:m_017;menu:m_075;menu:m_090;menu:m_002;menu:m_006;menu:m_059,0.6457911729812622,0.38458649814128876,6.560474999787402,0.0,0.0,0.0,0.0,0.0,0.0,1.0
embedding,nodia_m_005,test,no_diacritic,quan co goi xoai tom su khong,menu:m_005,menu:m_036;menu:m_032;menu:m_075;menu:m_014;menu:m_011;menu:m_041;menu:m_009;menu:m_002;menu:m_039;menu:m_076,0.6868712306022644,0.38458649814128876,3.480094999758876,0.0,0.0,0.0,0.0,0.0,0.0,1.0
embedding,nodia_m_010,test,no_diacritic,quan co bun bo hue khong,menu:m_010,menu:m_032;menu:m_083;menu:m_011;menu:m_014;menu:m_017;menu:m_006;menu:m_002;menu:m_070;menu:m_015;menu:m_037,0.6972545981407166,0.38458649814128876,2.9412010007945355,0.0,0.0,0.0,0.0,0.0,0.0,1.0
embedding,nodia_m_011,test,no_diacritic,quan co bun cha ha noi khong,menu:m_011,menu:m_032;menu:m_014;menu:m_011;menu:m_002;menu:m_009;menu:m_041;menu:m_054;menu:m_036;menu:m_075;menu:m_049,0.6620630025863647,0.38458649814128876,3.546644999005366,0.0,1.0,1.0,1.0,0.3333333333333333,0.5,1.0
embedding,nodia_m_014,test,no_diacritic,quan co bun dau mam tom khong,menu:m_014,menu:m_009;menu:m_036;menu:m_032;menu:m_014;menu:m_011;menu:m_002;menu:m_039;menu:m_075;menu:m_041;menu:m_082,0.5969088077545166,0.38458649814128876,3.180450999934692,0.0,0.0,1.0,1.0,0.25,0.43067655807339306,1.0
embedding,nodia_m_018,test,no_diacritic,quan co com ca kho to khong,menu:m_018,menu:m_017;menu:m_032;menu:m_070;menu:m_090;menu:m_011;menu:m_015;menu:m_006;menu:m_014;menu:m_055;menu:m_048,0.7535115480422974,0.38458649814128876,3.3609339989197906,0.0,0.0,0.0,0.0,0.0,0.0,1.0
embedding,nodia_m_019,test,no_diacritic,quan co com chien sai gon khong,menu:m_019,menu:m_032;menu:m_014;menu:m_011;menu:m_002;menu:m_006;menu:m_017;menu:m_049;menu:m_070;menu:m_009;menu:m_054,0.6595280170440674,0.38458649814128876,3.2703469987609424,0.0,0.0,0.0,0.0,0.0,0.0,1.0
embedding,nodia_m_021,test,no_diacritic,quan co com bo luc lac khong,menu:m_021,menu:m_032;menu:m_011;menu:m_075;menu:m_017;menu:m_014;menu:m_004;menu:m_040;menu:m_006;menu:m_083;menu:m_037,0.7573074102401733,0.38458649814128876,3.376798000317649,0.0,0.0,0.0,0.0,0.0,0.0,1.0
embedding,nodia_m_022,test,no_diacritic,quan co tom hum nuong mo hanh khong,menu:m_022,menu:m_017;menu:m_032;menu:m_090;menu:m_011;menu:m_070;menu:m_006;menu:m_002;menu:m_015;menu:m_014;menu:m_088,0.7502504587173462,0.38458649814128876,3.7063670006318716,0.0,0.0,0.0,0.0,0.0,0.0,1.0
embedding,nodia_m_023,test,no_diacritic,quan co ca loc nuong trui khong,menu:m_023,menu:m_032;menu:m_011;menu:m_017;menu:m_070;menu:m_014;menu:m_006;menu:m_090;menu:m_015;menu:m_002;menu:m_083,0.803620457649231,0.38458649814128876,3.129053999145981,0.0,0.0,0.0,0.0,0.0,0.0,1.0
embedding,nodia_m_024,test,no_diacritic,quan co tom rang muoi tay ninh khong,menu:m_024,menu:m_032;menu:m_017;menu:m_090;menu:m_011;menu:m_014;menu:m_002;menu:m_006;menu:m_070;menu:m_049;menu:m_054,0.6700393557548523,0.38458649814128876,3.435967000768869,0.0,0.0,0.0,0.0,0.0,0.0,1.0
embedding,nodia_m_025,test,no_diacritic,quan co cua rang me khong,menu:m_025,menu:m_032;menu:m_014;menu:m_011;menu:m_054;menu:m_017;menu:m_090;menu:m_006;menu:m_002;menu:m_070;menu:m_039,0.6363548636436462,0.38458649814128876,3.1742619994474808,0.0,0.0,0.0,0.0,0.0,0.0,1.0
embedding,nodia_m_026,test,no_diacritic,quan co muc xao sa te khong,menu:m_026,menu:m_032;menu:m_014;menu:m_011;menu:m_054;menu:m_017;menu:m_006;menu:m_002;menu:m_075;menu:m_090;menu:m_036,0.6912933588027954,0.38458649814128876,3.1730699993204325,0.0,0.0,0.0,0.0,0.0,0.0,1.0
embedding,nodia_m_027,test,no_diacritic,quan co ngheu hap sa khong,menu:m_027,menu:m_032;menu:m_090;menu:m_011;menu:m_017;menu:m_070;menu:m_014;menu:m_006;menu:m_002;menu:m_054;menu:m_088,0.7638463973999023,0.38458649814128876,3.2573980006418424,0.0,0.0,0.0,0.0,0.0,0.0,1.0
embedding,nodia_m_028,test,no_diacritic,quan co oc huong rang bo toi khong,menu:m_028,menu:m_032;menu:m_011;menu:m_017;menu:m_090;menu:m_006;menu:m_070;menu:m_002;menu:m_015;menu:m_014;menu:m_088,0.7428246140480042,0.38458649814128876,3.0733399999007815,0.0,0.0,0.0,0.0,0.0,0.0,1.0
embedding,nodia_m_029,test,no_diacritic,quan co lau chua ca lang khong,menu:m_029,menu:m_032;menu:m_017;menu:m_070;menu:m_011;menu:m_090;menu:m_006;menu:m_015;menu:m_014;menu:m_002;menu:m_083,0.8001574277877808,0.38458649814128876,3.74440300038259,0.0,0.0,0.0,0.0,0.0,0.0,1.0
embedding,nodia_m_030,test,no_diacritic,quan co lau bo nhung giam khong,menu:m_030,menu:m_017;menu:m_090;menu:m_070;menu:m_032;menu:m_011;menu:m_006;menu:m_015;menu:m_083;menu:m_048;menu:m_088,0.7252187728881836,0.38458649814128876,3.5343470008228905,0.0,0.0,0.0,0.0,0.0,0.0,1.0
embedding,nodia_m_031,test,no_diacritic,quan co lau nam chay khong,menu:m_031,menu:m_032;menu:m_017;menu:m_011;menu:m_070;menu:m_090;menu:m_055;menu:m_015;menu:m_006;menu:m_002;menu:m_088,0.7758882641792297,0.38458649814128876,3.277347999755875,0.0,0.0,0.0,0.0,0.0,0.0,1.0
embedding,nodia_m_032,test,no_diacritic,quan co lau ga la e da lat khong,menu:m_032,menu:m_011;menu:m_032;menu:m_017;menu:m_006;menu:m_090;menu:m_002;menu:m_054;menu:m_088;menu:m_014;menu:m_070,0.7367551922798157,0.38458649814128876,3.738365001481725,0.0,1.0,1.0,1.0,0.5,0.6309297535714575,1.0
embedding,nodia_m_033,test,no_diacritic,quan co lau hai san chua cay khong,menu:m_033,menu:m_032;menu:m_017;menu:m_070;menu:m_006;menu:m_090;menu:m_011;menu:m_015;menu:m_055;menu:m_083;menu:m_048,0.7614901065826416,0.38458649814128876,3.494265998597257,0.0,0.0,0.0,0.0,0.0,0.0,1.0
embedding,nodia_m_034,test,no_diacritic,quan co lau de thuoc bac khong,menu:m_034,menu:m_032;menu:m_017;menu:m_011;menu:m_070;menu:m_006;menu:m_090;menu:m_014;menu:m_015;menu:m_088;menu:m_002,0.7768844366073608,0.38458649814128876,3.2346840016543865,0.0,0.0,0.0,0.0,0.0,0.0,1.0
embedding,nodia_m_035,test,no_diacritic,quan co lau mam mien tay khong,menu:m_035,menu:m_032;menu:m_017;menu:m_011;menu:m_090;menu:m_006;menu:m_070;menu:m_014;menu:m_002;menu:m_015;menu:m_055,0.7849841117858887,0.38458649814128876,3.3532830002513947,0.0,0.0,0.0,0.0,0.0,0.0,1.0
embedding,nodia_m_036,test,no_diacritic,quan co ga nuong mat ong khong,menu:m_036,menu:m_032;menu:m_017;menu:m_014;menu:m_011;menu:m_002;menu:m_006;menu:m_015;menu:m_037;menu:m_054;menu:m_070,0.7646930813789368,0.38458649814128876,3.2526409995625727,0.0,0.0,0.0,0.0,0.0,0.0,1.0
embedding,nodia_m_038,test,no_diacritic,quan co canh ga chien nuoc mam khong,menu:m_038,menu:m_032;menu:m_011;menu:m_017;menu:m_014;menu:m_002;menu:m_006;menu:m_090;menu:m_054;menu:m_088;menu:m_070,0.7647449970245361,0.38458649814128876,3.501106000840082,0.0,0.0,0.0,0.0,0.0,0.0,1.0
embedding,nodia_m_039,test,no_diacritic,quan co ga xao sa ot khong,menu:m_039,menu:m_032;menu:m_014;menu:m_011;menu:m_017;menu:m_054;menu:m_006;menu:m_002;menu:m_075;menu:m_041;menu:m_037,0.6662167906761169,0.38458649814128876,3.1689040006313007,0.0,0.0,0.0,0.0,0.0,0.0,1.0
embedding,nodia_m_041,test,no_diacritic,quan co ga tiem thuoc bac khong,menu:m_041,menu:m_032;menu:m_017;menu:m_090;menu:m_011;menu:m_006;menu:m_070;menu:m_014;menu:m_015;menu:m_002;menu:m_088,0.7696351408958435,0.38458649814128876,3.345490998981404,0.0,0.0,0.0,0.0,0.0,0.0,1.0
embedding,nodia_m_042,test,no_diacritic,quan co ga ro ti kieu viet khong,menu:m_042,menu:m_032;menu:m_017;menu:m_011;menu:m_006;menu:m_014;menu:m_070;menu:m_090;menu:m_015;menu:m_002;menu:m_083,0.816775918006897,0.38458649814128876,3.085127998929238,0.0,0.0,0.0,0.0,0.0,0.0,1.0
embedding,nodia_m_043,test,no_diacritic,quan co mi quang tom thit khong,menu:m_043,menu:m_090;menu:m_017;menu:m_070;menu:m_032;menu:m_011;menu:m_006;menu:m_088;menu:m_002;menu:m_014;menu:m_015,0.8391939997673035,0.38458649814128876,3.3149749997392064,0.0,0.0,0.0,0.0,0.0,0.0,1.0
embedding,nodia_m_044,test,no_diacritic,quan co cao lau hoi an khong,menu:m_044,menu:m_032;menu:m_017;menu:m_070;menu:m_011;menu:m_090;menu:m_015;menu:m_006;menu:m_014;menu:m_002;menu:m_083,0.8068064451217651,0.38458649814128876,3.577520999897388,0.0,0.0,0.0,0.0,0.0,0.0,1.0
embedding,nodia_m_045,test,no_diacritic,quan co be thui cau mong khong,menu:m_045,menu:m_032;menu:m_090;menu:m_017;menu:m_011;menu:m_070;menu:m_006;menu:m_014;menu:m_002;menu:m_015;menu:m_083,0.7841892242431641,0.38458649814128876,3.173801998855197,0.0,0.0,0.0,0.0,0.0,0.0,1.0
embedding,nodia_m_046,test,no_diacritic,quan co hu tieu nam vang khong,menu:m_046,menu:m_032;menu:m_014;menu:m_011;menu:m_017;menu:m_002;menu:m_070;menu:m_015;menu:m_054;menu:m_006;menu:m_037,0.7816140651702881,0.38458649814128876,3.2166870005312376,0.0,0.0,0.0,0.0,0.0,0.0,1.0
embedding,nodia_m_047,test,no_diacritic,quan co banh trang cuon thit heo khong,menu:m_047,menu:m_032;menu:m_017;menu:m_011;menu:m_014;menu:m_070;menu:m_006;menu:m_090;menu:m_002;menu:m_015;menu:m_083,0.7842662930488586,0.38458649814128876,3.7844040016352665,0.0,0.0,0.0,0.0,0.0,0.0,1.0
embedding,nodia_m_048,test,no_diacritic,quan co chao long sai gon khong,menu:m_048,menu:m_032;menu:m_011;menu:m_070;menu:m_017;menu:m_006;menu:m_015;menu:m_090;menu:m_014;menu:m_054;menu:m_002,0.7286243438720703,0.38458649814128876,3.3300970007985597,0.0,0.0,0.0,0.0,0.0,0.0,1.0
embedding,nodia_m_050,test,no_diacritic,quan co pho chay nam dong co khong,menu:m_050,menu:m_032;menu:m_017;menu:m_011;menu:m_070;menu:m_055;menu:m_006;menu:m_090;menu:m_015;menu:m_002;menu:m_054,0.7523339986801147,0.38458649814128876,3.3382300007360755,0.0,0.0,0.0,0.0,0.0,0.0,1.0
embedding,nodia_m_051,test,no_diacritic,quan co com chien chay ngu sac khong,menu:m_051,menu:m_032;menu:m_011;menu:m_017;menu:m_014;menu:m_002;menu:m_070;menu:m_006;menu:m_015;menu:m_049;menu:m_054,0.7734391689300537,0.38458649814128876,4.614416999174864,0.0,0.0,0.0,0.0,0.0,0.0,1.0
embedding,nodia_m_052,test,no_diacritic,quan co goi cuon chay khong,menu:m_052,menu:m_032;menu:m_011;menu:m_017;menu:m_006;menu:m_090;menu:m_002;menu:m_014;menu:m_070;menu:m_054;menu:m_055,0.7794423699378967,0.38458649814128876,3.5308909991726978,0.0,0.0,0.0,0.0,0.0,0.0,1.0
embedding,nodia_m_053,test,no_diacritic,quan co canh kho qua nhoi nam khong,menu:m_053,menu:m_032;menu:m_017;menu:m_090;menu:m_070;menu:m_011;menu:m_006;menu:m_015;menu:m_014;menu:m_002;menu:m_088,0.7772305011749268,0.38458649814128876,3.588618001231225,0.0,0.0,0.0,0.0,0.0,0.0,1.0
embedding,nodia_m_054,test,no_diacritic,quan co dau hu sot ca chua khong,menu:m_054,menu:m_032;menu:m_017;menu:m_011;menu:m_090;menu:m_070;menu:m_006;menu:m_055;menu:m_002;menu:m_088;menu:m_015,0.7638110518455505,0.38458649814128876,3.1976179998309817,0.0,0.0,0.0,0.0,0.0,0.0,1.0
embedding,nodia_m_056,test,no_diacritic,quan co bun chay hue khong,menu:m_056,menu:m_032;menu:m_011;menu:m_017;menu:m_070;menu:m_014;menu:m_090;menu:m_006;menu:m_002;menu:m_083;menu:m_015,0.7905207872390747,0.38458649814128876,3.112708998742164,0.0,0.0,0.0,0.0,0.0,0.0,1.0
embedding,nodia_m_057,test,no_diacritic,quan co ca phe sua da khong,menu:m_057,menu:m_032;menu:m_011;menu:m_006;menu:m_017;menu:m_070;menu:m_014;menu:m_002;menu:m_015;menu:m_090;menu:m_083,0.7925282716751099,0.38458649814128876,3.1606919983460102,0.0,0.0,0.0,0.0,0.0,0.0,1.0
embedding,nodia_m_060,test,no_diacritic,quan co tra dao cam sa khong,menu:m_060,menu:m_032;menu:m_014;menu:m_011;menu:m_017;menu:m_002;menu:m_006;menu:m_054;menu:m_037;menu:m_070;menu:m_090,0.7556929588317871,0.38458649814128876,3.492353000183357,0.0,0.0,0.0,0.0,0.0,0.0,1.0
embedding,nodia_m_061,test,no_diacritic,quan co tra sen tay ho khong,menu:m_061,menu:m_032;menu:m_011;menu:m_014;menu:m_002;menu:m_017;menu:m_090;menu:m_054;menu:m_006;menu:m_070;menu:m_015,0.7168052792549133,0.38458649814128876,2.979307999339653,0.0,0.0,0.0,0.0,0.0,0.0,1.0
embedding,nodia_m_062,test,no_diacritic,quan co tra sua tran chau khong,menu:m_062,menu:m_032;menu:m_017;menu:m_011;menu:m_090;menu:m_070;menu:m_006;menu:m_014;menu:m_002;menu:m_015;menu:m_054,0.8076646327972412,0.38458649814128876,3.4533239995653275,0.0,0.0,0.0,0.0,0.0,0.0,1.0
embedding,nodia_m_063,test,no_diacritic,quan co ca phe dua khong,menu:m_063,menu:m_032;menu:m_017;menu:m_011;menu:m_006;menu:m_070;menu:m_090;menu:m_014;menu:m_015;menu:m_002;menu:m_083,0.7823471426963806,0.38458649814128876,3.2792010006232886,0.0,0.0,0.0,0.0,0.0,0.0,1.0
embedding,nodia_m_065,test,no_diacritic,quan co sinh to bo dak lak khong,menu:m_065,menu:m_090;menu:m_032;menu:m_017;menu:m_070;menu:m_011;menu:m_006;menu:m_015;menu:m_002;menu:m_083;menu:m_014,0.7430999279022217,0.38458649814128876,3.3167679994221544,0.0,0.0,0.0,0.0,0.0,0.0,1.0
embedding,nodia_m_066,test,no_diacritic,quan co nuoc ep dua hau khong,menu:m_066,menu:m_032;menu:m_011;menu:m_014;menu:m_054;menu:m_017;menu:m_002;menu:m_006;menu:m_075;menu:m_070;menu:m_090,0.6788069605827332,0.38458649814128876,3.1007519992272137,0.0,0.0,0.0,0.0,0.0,0.0,1.0
embedding,nodia_m_067,test,no_diacritic,quan co sinh to xoai hoa loc khong,menu:m_067,menu:m_032;menu:m_002;menu:m_011;menu:m_014;menu:m_017;menu:m_006;menu:m_070;menu:m_015;menu:m_083;menu:m_054,0.7567254304885864,0.38458649814128876,3.4922220002044924,0.0,0.0,0.0,0.0,0.0,0.0,1.0
embedding,nodia_m_068,test,no_diacritic,quan co nuoc rau ma khong,menu:m_068,menu:m_032;menu:m_011;menu:m_090;menu:m_017;menu:m_006;menu:m_014;menu:m_070;menu:m_002;menu:m_054;menu:m_088,0.7512903213500977,0.38458649814128876,3.0868800004100194,0.0,0.0,0.0,0.0,0.0,0.0,1.0
embedding,nodia_m_069,test,no_diacritic,quan co sinh to dau tay da lat khong,menu:m_069,menu:m_090;menu:m_017;menu:m_070;menu:m_032;menu:m_011;menu:m_006;menu:m_002;menu:m_015;menu:m_014;menu:m_088,0.8279895782470703,0.38458649814128876,3.1690649993834086,0.0,0.0,0.0,0.0,0.0,0.0,1.0
embedding,nodia_m_071,test,no_diacritic,quan co che khuc bach khong,menu:m_071,menu:m_090;menu:m_017;menu:m_032;menu:m_070;menu:m_011;menu:m_006;menu:m_088;menu:m_015;menu:m_014;menu:m_002,0.7422890663146973,0.38458649814128876,3.1801120003365213,0.0,0.0,0.0,0.0,0.0,0.0,1.0
embedding,nodia_m_072,test,no_diacritic,quan co banh flan caramel khong,menu:m_072,menu:m_032;menu:m_017;menu:m_006;menu:m_037;menu:m_011;menu:m_072;menu:m_014;menu:m_040;menu:m_075;menu:m_033,0.7225769758224487,0.38458649814128876,3.3757059991330607,0.0,0.0,0.0,0.0,0.16666666666666666,0.3562071871080222,1.0
embedding,nodia_m_073,test,no_diacritic,quan co che buoi khong,menu:m_073,menu:m_032;menu:m_017;menu:m_011;menu:m_090;menu:m_070;menu:m_014;menu:m_006;menu:m_002;menu:m_015;menu:m_054,0.7736480236053467,0.38458649814128876,2.973598999233218,0.0,0.0,0.0,0.0,0.0,0.0,1.0
embedding,nodia_m_076,test,no_diacritic,quan co banh chuoi nuong khong,menu:m_076,menu:m_032;menu:m_017;menu:m_070;menu:m_011;menu:m_015;menu:m_090;menu:m_006;menu:m_055;menu:m_048;menu:m_014,0.7699787616729736,0.38458649814128876,3.089614001510199,0.0,0.0,0.0,0.0,0.0,0.0,1.0
embedding,nodia_m_077,test,no_diacritic,quan co xoi xoai khong,menu:m_077,menu:m_032;menu:m_011;menu:m_017;menu:m_014;menu:m_070;menu:m_002;menu:m_006;menu:m_090;menu:m_015;menu:m_083,0.772385835647583,0.38458649814128876,2.9576949982583756,0.0,0.0,0.0,0.0,0.0,0.0,1.0
embedding,nodia_m_078,test,no_diacritic,quan co dia trai cay theo mua khong,menu:m_078,menu:m_032;menu:m_090;menu:m_011;menu:m_017;menu:m_014;menu:m_002;menu:m_070;menu:m_006;menu:m_054;menu:m_015,0.7450385093688965,0.38458649814128876,3.406944000744261,0.0,0.0,0.0,0.0,0.0,0.0,1.0
embedding,nodia_m_079,test,no_diacritic,quan co xoai cat hoa loc khong,menu:m_079,menu:m_032;menu:m_011;menu:m_014;menu:m_017;menu:m_070;menu:m_006;menu:m_002;menu:m_054;menu:m_015;menu:m_090,0.8221752643585205,0.38458649814128876,3.245500000048196,0.0,0.0,0.0,0.0,0.0,0.0,1.0
embedding,nodia_m_080,test,no_diacritic,quan co sau rieng ri6 khong,menu:m_080,menu:m_032;menu:m_011;menu:m_090;menu:m_017;menu:m_006;menu:m_014;menu:m_070;menu:m_002;menu:m_088;menu:m_054,0.7669272422790527,0.38458649814128876,3.153071000269847,0.0,0.0,0.0,0.0,0.0,0.0,1.0
embedding,nodia_m_081,test,no_diacritic,quan co dua hau lanh khong,menu:m_081,menu:m_032;menu:m_011;menu:m_017;menu:m_090;menu:m_006;menu:m_070;menu:m_014;menu:m_002;menu:m_015;menu:m_083,0.7666938304901123,0.38458649814128876,3.1651089993829373,0.0,0.0,0.0,0.0,0.0,0.0,1.0
embedding,nodia_m_082,test,no_diacritic,quan co buoi da xanh ben tre khong,menu:m_082,menu:m_090;menu:m_032;menu:m_017;menu:m_011;menu:m_070;menu:m_014;menu:m_006;menu:m_002;menu:m_088;menu:m_083,0.7647883892059326,0.38458649814128876,3.5956379997514887,0.0,0.0,0.0,0.0,0.0,0.0,1.0
embedding,nodia_m_083,test,no_diacritic,quan co thanh long binh thuan khong,menu:m_083,menu:m_032;menu:m_070;menu:m_017;menu:m_090;menu:m_011;menu:m_006;menu:m_083;menu:m_015;menu:m_014;menu:m_002,0.7267873287200928,0.38458649814128876,3.739636000318569,0.0,0.0,0.0,0.0,0.14285714285714285,0.3333333333333333,1.0
embedding,nodia_m_084,test,no_diacritic,quan co du du chin mat ong khong,menu:m_084,menu:m_032;menu:m_017;menu:m_070;menu:m_011;menu:m_015;menu:m_006;menu:m_014;menu:m_002;menu:m_083;menu:m_037,0.7900199294090271,0.38458649814128876,3.365471000506659,0.0,0.0,0.0,0.0,0.0,0.0,1.0
embedding,nodia_m_086,test,no_diacritic,quan co bia ha noi khong,menu:m_086,menu:m_036;menu:m_075;menu:m_041;menu:m_076;menu:m_037;menu:m_009;menu:m_032;menu:m_011;menu:m_014;menu:m_039,0.5751640200614929,0.38458649814128876,4.0825539999787,0.0,0.0,0.0,0.0,0.0,0.0,1.0
embedding,nodia_m_087,test,no_diacritic,quan co bia tiger crystal khong,menu:m_087,menu:m_032;menu:m_037;menu:m_036;menu:m_076;menu:m_087;menu:m_075;menu:m_014;menu:m_091;menu:m_082;menu:m_009,0.6021283864974976,0.38458649814128876,3.157387000101153,0.0,0.0,1.0,1.0,0.2,0.38685280723454163,1.0
embedding,nodia_m_088,test,no_diacritic,quan co bia hoi ha noi khong,menu:m_088,menu:m_036;menu:m_075;menu:m_041;menu:m_032;menu:m_076;menu:m_009;menu:m_037;menu:m_014;menu:m_011;menu:m_039,0.6027359962463379,0.38458649814128876,3.055813000173657,0.0,0.0,0.0,0.0,0.0,0.0,1.0
embedding,nodia_m_091,test,no_diacritic,quan co cocktail chanh dao mat ong khong,menu:m_091,menu:m_032;menu:m_037;menu:m_017;menu:m_059;menu:m_011;menu:m_015;menu:m_091;menu:m_075;menu:m_036;menu:m_040,0.7206493020057678,0.38458649814128876,3.7529859982896596,0.0,0.0,0.0,0.0,0.14285714285714285,0.3333333333333333,1.0
embedding,pol_001,test,policy_paraphrase,Bạn chốt đơn rồi gửi xuống bếp giúp mình nhé,policy:ai_role,menu:m_039;menu:m_036;menu:m_009;menu:m_053;menu:m_076;menu:m_075;menu:m_052;menu:m_040;menu:m_058;menu:m_038,0.5629027485847473,0.38458649814128876,5.792746000224724,0.0,0.0,0.0,0.0,0.0,0.0,1.0
embedding,pol_002,test,policy_paraphrase,AI có thể tự mua và trả tiền hộ tôi không?,policy:ai_role,policy:ai_role;policy:payment;policy:cancel_order;policy:ordering_scope;policy:parking;policy:availability;policy:reservation;menu:m_046;menu:m_048;menu:m_043,0.4658582806587219,0.38458649814128876,6.2107770008879015,1.0,1.0,1.0,1.0,1.0,1.0,1.0
embedding,pol_003,test,policy_paraphrase,Tôi đặt đồ rồi ghé quán lấy sau được không?,policy:ordering_scope,menu:m_036;menu:m_009;menu:m_039;menu:m_076;menu:m_075;menu:m_052;menu:m_081;menu:m_053;menu:m_001;menu:m_046,0.34501394629478455,0.38458649814128876,3.5183519994461676,0.0,0.0,0.0,0.0,0.0,0.0,0.0
embedding,pol_004,test,policy_paraphrase,Ở đây trả tiền theo những cách nào?,policy:payment,policy:payment;menu:m_046;policy:ordering_scope;menu:m_048;policy:availability;policy:parking;menu:m_059;menu:m_075;policy:ai_role;policy:reservation,0.5204419493675232,0.38458649814128876,3.360553999300464,1.0,1.0,1.0,1.0,1.0,1.0,1.0
embedding,pol_005,test,policy_paraphrase,Tối muộn khoảng mười giờ quán còn phục vụ chứ?,policy:opening_hours,policy:opening_hours;policy:reservation;policy:wifi;menu:m_058;menu:m_059;menu:m_039;menu:m_009;menu:m_075;menu:m_036;menu:m_023,0.5413931608200073,0.38458649814128876,3.7265060000208905,1.0,1.0,1.0,1.0,1.0,1.0,1.0
embedding,pol_007,test,policy_paraphrase,Nếu đi ô tô thì tôi để xe chỗ nào?,policy:parking,policy:parking;menu:m_070;menu:m_048;menu:m_075;policy:opening_hours;menu:m_059;menu:m_009;menu:m_039;menu:m_082;menu:m_014,0.5017733573913574,0.38458649814128876,3.435666998484521,1.0,1.0,1.0,1.0,1.0,1.0,1.0
embedding,pol_009,test,policy_paraphrase,Món đã gửi xuống bếp rồi có đổi lại được không?,policy:cancel_order,menu:m_036;menu:m_053;menu:m_039;menu:m_001;menu:m_076;menu:m_038;menu:m_040;menu:m_052;menu:m_009;menu:m_026,0.5300878286361694,0.38458649814128876,3.5995440011902247,0.0,0.0,0.0,0.0,0.0,0.0,1.0
embedding,pol_010,test,policy_paraphrase,"Tôi dị ứng nặng, thông tin thành phần trên menu có bảo đảm tuyệt đối không?",policy:allergen_safety,policy:allergen_safety;menu:m_073;menu:m_076;menu:m_007;menu:m_026;menu:m_041;menu:m_027;menu:m_040;menu:m_025;policy:reservation,0.668454647064209,0.38458649814128876,4.572754000037094,1.0,1.0,1.0,1.0,1.0,1.0,1.0
embedding,sem_002,test,semantic_paraphrase,Có thức uống mát nào vừa có cam vừa thơm mùi sả không?,menu:m_060,menu:m_077;menu:m_060;menu:m_076;menu:m_073;menu:m_071;menu:m_074;menu:m_037;menu:m_075;menu:m_063;menu:m_053,0.6871474981307983,0.38458649814128876,3.98072999996657,0.0,1.0,1.0,1.0,0.5,0.6309297535714575,1.0
embedding,sem_003,test,semantic_paraphrase,Tìm giúp món chay dạng canh thanh mát có rau củ,menu:m_053,menu:m_052;menu:m_005;menu:m_001;menu:m_026;menu:m_050;menu:m_071;menu:m_053;menu:m_031;menu:m_012;menu:m_028,0.7660130858421326,0.38458649814128876,4.152679999606335,0.0,0.0,0.0,0.0,0.14285714285714285,0.3333333333333333,1.0
embedding,sem_004,test,semantic_paraphrase,Tôi muốn món chay dạng nước có vị sả ớt kiểu Huế,menu:m_056,menu:m_027;menu:m_056;menu:m_040;menu:m_007;menu:m_028;menu:m_071;menu:m_020;menu:m_060;menu:m_024;menu:m_075,0.6173860430717468,0.38458649814128876,6.593194000743097,0.0,1.0,1.0,1.0,0.5,0.6309297535714575,1.0
embedding,sem_006,test,semantic_paraphrase,Món sợi dai đặc sản Hội An ăn cùng thịt xá xíu,menu:m_044,menu:m_043;menu:m_026;menu:m_003;menu:m_023;menu:m_001;menu:m_016;menu:m_049;menu:m_038;menu:m_009;menu:m_033,0.8059682846069336,0.38458649814128876,5.23923999935505,0.0,0.0,0.0,0.0,0.0,0.0,1.0
embedding,sem_007,test,semantic_paraphrase,"Món gà nước thanh, mềm và phù hợp cho người lớn tuổi",menu:m_041,menu:m_007;menu:m_009;menu:m_026;menu:m_036;menu:m_040;menu:m_038;menu:m_041;menu:m_023;menu:m_039;menu:m_016,0.6262013912200928,0.38458649814128876,4.314293999414076,0.0,0.0,0.0,0.0,0.14285714285714285,0.3333333333333333,1.0
embedding,sem_008,test,semantic_paraphrase,Hải sản sốt chua ngọt có thể ăn kèm bánh mì nóng,menu:m_025,menu:m_026;menu:m_025;menu:m_028;menu:m_027;menu:m_022;menu:m_024;menu:m_023;menu:m_001;menu:m_005;menu:m_047,0.7339286804199219,0.38458649814128876,3.803472000072361,0.0,1.0,1.0,1.0,0.5,0.6309297535714575,1.0
embedding,sem_009,test,semantic_paraphrase,Buổi tối muộn tôi muốn một món cháo nóng có lòng heo,menu:m_048,menu:m_007;menu:m_040;menu:m_036;menu:m_039;menu:m_053;menu:m_009;menu:m_075;menu:m_004;menu:m_022;menu:m_026,0.623887300491333,0.38458649814128876,4.089394999027718,0.0,0.0,0.0,0.0,0.0,0.0,1.0
embedding,sem_010,test,semantic_paraphrase,Tráng miệng lạnh có hạnh nhân và vải thiều,menu:m_071,menu:m_076;menu:m_073;menu:m_036;menu:m_004;menu:m_075;menu:m_071;menu:m_074;menu:m_081;menu:m_077;menu:m_053,0.6472988128662109,0.38458649814128876,3.4133030003431486,0.0,0.0,0.0,0.0,0.16666666666666666,0.3562071871080222,1.0
embedding,sem_012,test,semantic_paraphrase,Món gà chiên giòn vị nước mắm phù hợp cho trẻ em,menu:m_038,menu:m_009;menu:m_038;menu:m_041;menu:m_007;menu:m_016;menu:m_026;menu:m_049;menu:m_019;menu:m_051;menu:m_005,0.7069551944732666,0.38458649814128876,4.425842000273406,0.0,1.0,1.0,1.0,0.5,0.6309297535714575,1.0
embedding,sem_013,test,semantic_paraphrase,Nhóm tôi muốn ăn lẩu hoàn toàn không có thịt,menu:m_031,menu:m_036;menu:m_009;menu:m_039;menu:m_034;menu:m_001;menu:m_047;menu:m_051;menu:m_023;menu:m_043;menu:m_049,0.4761427044868469,0.38458649814128876,3.5595839999587042,0.0,0.0,0.0,0.0,0.0,0.0,1.0
embedding,sem_014,test,semantic_paraphrase,Đi bốn người muốn ăn lẩu bò có vị chua dịu,menu:m_030,menu:m_076;menu:m_021;menu:m_073;menu:m_036;menu:m_023;menu:m_030;menu:m_077;menu:m_034;menu:m_003;menu:m_009,0.6628298759460449,0.38458649814128876,3.795459999309969,0.0,0.0,0.0,0.0,0.16666666666666666,0.3562071871080222,1.0
embedding,sem_015,test,semantic_paraphrase,Thức uống lên men bình dân đặc trưng Hà Nội,menu:m_088,menu:m_059;menu:m_032;menu:m_017;menu:m_015;menu:m_058;menu:m_070;menu:m_061;menu:m_011;menu:m_083;menu:m_075,0.6653982400894165,0.38458649814128876,3.4855119993153494,0.0,0.0,0.0,0.0,0.0,0.0,1.0
embedding,sem_017,test,semantic_paraphrase,"Món cuốn không thịt có đậu hũ, rau thơm và bơ",menu:m_052,menu:m_001;menu:m_026;menu:m_051;menu:m_052;menu:m_005;menu:m_047;menu:m_021;menu:m_042;menu:m_007;menu:m_039,0.8044036626815796,0.38458649814128876,3.8344090007740306,0.0,0.0,1.0,1.0,0.25,0.43067655807339306,1.0
hybrid_rrf,category_cat_alcohol,test,category_intent,Gợi ý các món thuộc nhóm Bia & Rượu,menu:m_085;menu:m_086;menu:m_087;menu:m_088;menu:m_089;menu:m_090;menu:m_091,menu:m_087;menu:m_086;menu:m_089;menu:m_088;menu:m_085;menu:m_090;menu:m_091;menu:m_041;menu:m_014;menu:m_052,0.23593073593073594,0.19130566295799467,4.174051999143558,1.0,1.0,1.0,0.7142857142857143,1.0,1.0,1.0
hybrid_rrf,category_cat_appetizer,test,category_intent,Gợi ý các món thuộc nhóm Khai vị,menu:m_001;menu:m_002;menu:m_003;menu:m_004;menu:m_005;menu:m_006;menu:m_007,menu:m_041;menu:m_005;menu:m_003;menu:m_001;menu:m_014;menu:m_002;menu:m_052;menu:m_006;policy:ordering_scope;menu:m_004,0.21212121212121213,0.19130566295799467,3.906939000444254,0.0,1.0,1.0,0.42857142857142855,0.5,0.6933324496776029,1.0
hybrid_rrf,category_cat_dessert,test,category_intent,Gợi ý các món thuộc nhóm Tráng miệng,menu:m_071;menu:m_072;menu:m_073;menu:m_074;menu:m_075;menu:m_076;menu:m_077,menu:m_041;menu:m_052;policy:availability;menu:m_073;menu:m_076;menu:m_077;menu:m_075;menu:m_034;menu:m_014;menu:m_001,0.23395445134575568,0.19130566295799467,3.6825999995926395,0.0,0.0,1.0,0.2857142857142857,0.25,0.4142578436403242,1.0
hybrid_rrf,category_cat_drink,test,category_intent,Gợi ý các món thuộc nhóm Cà phê & Trà,menu:m_057;menu:m_058;menu:m_059;menu:m_060;menu:m_061;menu:m_062;menu:m_063,menu:m_063;menu:m_057;menu:m_058;menu:m_060;menu:m_061;menu:m_062;menu:m_059;menu:m_041;menu:m_052;menu:m_034,0.22893772893772893,0.19130566295799467,3.9686719992459984,1.0,1.0,1.0,0.7142857142857143,1.0,1.0,1.0
hybrid_rrf,category_cat_fruit,test,category_intent,Gợi ý các món thuộc nhóm Trái cây tươi,menu:m_078;menu:m_079;menu:m_080;menu:m_081;menu:m_082;menu:m_083;menu:m_084,menu:m_078;menu:m_052;menu:m_081;menu:m_041;menu:m_083;menu:m_079;menu:m_082;menu:m_080;menu:m_034;menu:m_084,0.23047619047619047,0.19130566295799467,4.570940998746664,1.0,1.0,1.0,0.42857142857142855,1.0,0.8743604579832849,1.0
hybrid_rrf,category_cat_hotpot,test,category_intent,Gợi ý các món thuộc nhóm Lẩu,menu:m_029;menu:m_030;menu:m_031;menu:m_032;menu:m_033;menu:m_034;menu:m_035,menu:m_041;menu:m_035;menu:m_052;menu:m_034;menu:m_029;menu:m_032;menu:m_014;menu:m_044;menu:m_030;menu:m_031,0.2163009404388715,0.19130566295799467,8.727177000764641,0.0,1.0,1.0,0.42857142857142855,0.5,0.6582631570618875,1.0
hybrid_rrf,category_cat_main,test,category_intent,Gợi ý các món thuộc nhóm Cơm Việt,menu:m_015;menu:m_016;menu:m_017;menu:m_018;menu:m_019;menu:m_020;menu:m_021,menu:m_020;menu:m_019;menu:m_017;menu:m_041;menu:m_018;menu:m_016;menu:m_015;menu:m_021;menu:m_042;menu:m_052,0.21885521885521886,0.19130566295799467,3.615519000959466,1.0,1.0,1.0,0.5714285714285714,1.0,0.9683310355387568,1.0
hybrid_rrf,category_cat_noodle,test,category_intent,Gợi ý các món thuộc nhóm Phở & Bún,menu:m_008;menu:m_009;menu:m_010;menu:m_011;menu:m_012;menu:m_013;menu:m_014,menu:m_014;menu:m_041;menu:m_009;menu:m_052;menu:m_011;menu:m_001;menu:m_034;menu:m_010;menu:m_008;menu:m_013,0.23809523809523808,0.19130566295799467,6.154953000077512,1.0,1.0,1.0,0.42857142857142855,1.0,0.7675681096338733,1.0
hybrid_rrf,category_cat_regional,test,category_intent,Gợi ý các món thuộc nhóm Đặc sản vùng miền,menu:m_043;menu:m_044;menu:m_045;menu:m_046;menu:m_047;menu:m_048;menu:m_049,menu:m_046;menu:m_043;menu:m_044;menu:m_045;menu:m_049;menu:m_048;menu:m_041;menu:m_035;menu:m_052;menu:m_014,0.2272727272727273,0.19130566295799467,3.9365339998767013,1.0,1.0,1.0,0.7142857142857143,1.0,0.9083745556952363,1.0
hybrid_rrf,category_cat_seafood,test,category_intent,Gợi ý các món thuộc nhóm Hải sản,menu:m_022;menu:m_023;menu:m_024;menu:m_025;menu:m_026;menu:m_027;menu:m_028,menu:m_033;menu:m_041;menu:m_027;menu:m_052;menu:m_025;menu:m_028;menu:m_034;menu:m_026;policy:allergen_safety;menu:m_023,0.22181818181818183,0.19130566295799467,3.329897999719833,0.0,1.0,1.0,0.2857142857142857,0.3333333333333333,0.5078586807642302,1.0
hybrid_rrf,exact_m_002,test,exact_name,Cho tôi thông tin về Nem rán Hà Nội,menu:m_002,menu:m_002;menu:m_086;menu:m_058;menu:m_088;menu:m_090;menu:m_011;menu:m_049;menu:m_014;policy:allergen_safety;menu:m_004,0.2275132275132275,0.19130566295799467,3.309065999928862,1.0,1.0,1.0,1.0,1.0,1.0,1.0
hybrid_rrf,exact_m_003,test,exact_name,Cho tôi thông tin về Bánh xèo miền Tây,menu:m_003,menu:m_003;menu:m_035;menu:m_023;menu:m_013;menu:m_047;menu:m_061;policy:allergen_safety;menu:m_024;menu:m_043;menu:m_045,0.23809523809523808,0.19130566295799467,3.9523269988421816,1.0,1.0,1.0,1.0,1.0,1.0,1.0
hybrid_rrf,exact_m_005,test,exact_name,Cho tôi thông tin về Gỏi xoài tôm sú,menu:m_005,menu:m_005;menu:m_024;menu:m_077;menu:m_001;policy:allergen_safety;policy:ordering_scope;menu:m_079;menu:m_067;menu:m_043;menu:m_022,0.20970695970695968,0.19130566295799467,3.9236640004673973,1.0,1.0,1.0,1.0,1.0,1.0,1.0
hybrid_rrf,exact_m_010,test,exact_name,Cho tôi thông tin về Bún bò Huế,menu:m_010,menu:m_010;menu:m_056;menu:m_008;menu:m_030;menu:m_021;menu:m_028;policy:allergen_safety;menu:m_020;menu:m_052;menu:m_011,0.23809523809523808,0.19130566295799467,4.296267001336673,1.0,1.0,1.0,1.0,1.0,1.0,1.0
hybrid_rrf,exact_m_011,test,exact_name,Cho tôi thông tin về Bún chả Hà Nội,menu:m_011,menu:m_011;menu:m_014;menu:m_049;menu:m_088;menu:m_090;menu:m_058;menu:m_086;menu:m_002;menu:m_015;menu:m_010,0.22619047619047616,0.19130566295799467,3.5804660001304,1.0,1.0,1.0,1.0,1.0,1.0,1.0
hybrid_rrf,exact_m_014,test,exact_name,Cho tôi thông tin về Bún đậu mắm tôm,menu:m_014,menu:m_014;menu:m_013;menu:m_005;menu:m_001;policy:allergen_safety;menu:m_038;menu:m_024;menu:m_019;policy:parking;menu:m_043,0.2161172161172161,0.19130566295799467,3.9230630009114975,1.0,1.0,1.0,1.0,1.0,1.0,1.0
hybrid_rrf,exact_m_018,test,exact_name,Cho tôi thông tin về Cơm cá kho tộ,menu:m_018,menu:m_018;menu:m_019;menu:m_021;policy:allergen_safety;policy:parking;menu:m_051;policy:ordering_scope;menu:m_016;menu:m_057;menu:m_020,0.23395445134575568,0.19130566295799467,3.6281979992054403,1.0,1.0,1.0,1.0,1.0,1.0,1.0
hybrid_rrf,exact_m_019,test,exact_name,Cho tôi thông tin về Cơm chiên Sài Gòn,menu:m_019,menu:m_019;menu:m_015;menu:m_070;menu:m_048;menu:m_085;menu:m_051;menu:m_059;menu:m_006;menu:m_038;menu:m_021,0.23809523809523808,0.19130566295799467,3.5829199987347238,1.0,1.0,1.0,1.0,1.0,1.0,1.0
hybrid_rrf,exact_m_021,test,exact_name,Cho tôi thông tin về Cơm bò lúc lắc,menu:m_021,menu:m_021;menu:m_008;menu:m_030;menu:m_028;policy:allergen_safety;menu:m_019;policy:ordering_scope;menu:m_010;menu:m_016;menu:m_018,0.23395445134575568,0.19130566295799467,3.3983110006374773,1.0,1.0,1.0,1.0,1.0,1.0,1.0
hybrid_rrf,exact_m_022,test,exact_name,Cho tôi thông tin về Tôm hùm nướng mỡ hành,menu:m_022,menu:m_022;menu:m_024;menu:m_043;policy:allergen_safety;policy:opening_hours;menu:m_049;menu:m_076;menu:m_023;policy:ordering_scope;menu:m_036,0.23809523809523808,0.19130566295799467,5.406272999607609,1.0,1.0,1.0,1.0,1.0,1.0,1.0
hybrid_rrf,exact_m_023,test,exact_name,Cho tôi thông tin về Cá lóc nướng trui,menu:m_023,menu:m_023;menu:m_076;policy:allergen_safety;menu:m_036;policy:ordering_scope;menu:m_057;menu:m_017;menu:m_040;menu:m_079;menu:m_067,0.23809523809523808,0.19130566295799467,4.6503909998136805,1.0,1.0,1.0,1.0,1.0,1.0,1.0
hybrid_rrf,exact_m_024,test,exact_name,Cho tôi thông tin về Tôm rang muối Tây Ninh,menu:m_024,menu:m_024;menu:m_003;menu:m_028;menu:m_013;policy:allergen_safety;menu:m_040;menu:m_061;menu:m_035;menu:m_005;policy:ordering_scope,0.23809523809523808,0.19130566295799467,8.818915999654564,1.0,1.0,1.0,1.0,1.0,1.0,1.0
hybrid_rrf,exact_m_025,test,exact_name,Cho tôi thông tin về Cua rang me,menu:m_025,menu:m_025;menu:m_028;policy:allergen_safety;menu:m_024;menu:m_012;policy:ordering_scope;menu:m_007;policy:opening_hours;menu:m_076;menu:m_010,0.23809523809523808,0.19130566295799467,4.618794000634807,1.0,1.0,1.0,1.0,1.0,1.0,1.0
hybrid_rrf,exact_m_026,test,exact_name,Cho tôi thông tin về Mực xào sa tế,menu:m_026,menu:m_026;policy:allergen_safety;menu:m_027;menu:m_039;menu:m_074;policy:ordering_scope;menu:m_028;menu:m_033;menu:m_060;policy:parking,0.2161172161172161,0.19130566295799467,5.546874999708962,1.0,1.0,1.0,1.0,1.0,1.0,1.0
hybrid_rrf,exact_m_027,test,exact_name,Cho tôi thông tin về Nghêu hấp sả,menu:m_027,menu:m_027;menu:m_037;policy:allergen_safety;menu:m_039;policy:ordering_scope;menu:m_074;menu:m_028;menu:m_060;menu:m_026;menu:m_038,0.20802005012531327,0.19130566295799467,3.797695000685053,1.0,1.0,1.0,1.0,1.0,1.0,1.0
hybrid_rrf,exact_m_028,test,exact_name,Cho tôi thông tin về Ốc hương rang bơ tỏi,menu:m_028,menu:m_028;menu:m_024;menu:m_021;policy:allergen_safety;menu:m_025;policy:ordering_scope;menu:m_010;menu:m_065;menu:m_031;menu:m_007,0.23809523809523808,0.19130566295799467,3.908751999915694,1.0,1.0,1.0,1.0,1.0,1.0,1.0
hybrid_rrf,exact_m_029,test,exact_name,Cho tôi thông tin về Lẩu chua cá lăng,menu:m_029,menu:m_029;menu:m_033;menu:m_035;policy:allergen_safety;policy:ordering_scope;menu:m_054;menu:m_028;menu:m_031;menu:m_057;menu:m_030,0.23809523809523808,0.19130566295799467,3.674917999887839,1.0,1.0,1.0,1.0,1.0,1.0,1.0
hybrid_rrf,exact_m_030,test,exact_name,Cho tôi thông tin về Lẩu bò nhúng giấm,menu:m_030,menu:m_030;menu:m_034;menu:m_021;menu:m_028;menu:m_008;menu:m_029;menu:m_035;policy:allergen_safety;menu:m_032;policy:ordering_scope,0.23593073593073594,0.19130566295799467,4.881150000073831,1.0,1.0,1.0,1.0,1.0,1.0,1.0
hybrid_rrf,exact_m_031,test,exact_name,Cho tôi thông tin về Lẩu nấm chay,menu:m_031,menu:m_031;menu:m_050;menu:m_053;menu:m_056;menu:m_055;policy:allergen_safety;menu:m_052;menu:m_029;menu:m_051;menu:m_035,0.23593073593073594,0.19130566295799467,3.52111600113858,1.0,1.0,1.0,1.0,1.0,1.0,1.0
hybrid_rrf,exact_m_032,test,exact_name,Cho tôi thông tin về Lẩu gà lá é Đà Lạt,menu:m_032,menu:m_032;menu:m_038;menu:m_069;menu:m_035;menu:m_037;menu:m_031;policy:allergen_safety;menu:m_036;menu:m_040;menu:m_029,0.22619047619047616,0.19130566295799467,5.713827000363381,1.0,1.0,1.0,1.0,1.0,1.0,1.0
hybrid_rrf,exact_m_033,test,exact_name,Cho tôi thông tin về Lẩu hải sản chua cay,menu:m_033,menu:m_033;menu:m_029;menu:m_026;menu:m_028;policy:allergen_safety;menu:m_024;menu:m_025;menu:m_035;menu:m_044;policy:ordering_scope,0.23047619047619047,0.19130566295799467,3.959958999985247,1.0,1.0,1.0,1.0,1.0,1.0,1.0
hybrid_rrf,exact_m_034,test,exact_name,Cho tôi thông tin về Lẩu dê thuốc bắc,menu:m_034,menu:m_034;menu:m_041;menu:m_029;menu:m_035;menu:m_030;policy:allergen_safety;menu:m_032;policy:ordering_scope;menu:m_044;policy:parking,0.23809523809523808,0.19130566295799467,5.043795999881695,1.0,1.0,1.0,1.0,1.0,1.0,1.0
hybrid_rrf,exact_m_035,test,exact_name,Cho tôi thông tin về Lẩu mắm miền Tây,menu:m_035,menu:m_035;menu:m_013;menu:m_003;menu:m_023;menu:m_032;menu:m_061;menu:m_044;policy:allergen_safety;menu:m_024;policy:ordering_scope,0.23809523809523808,0.19130566295799467,4.133400998398429,1.0,1.0,1.0,1.0,1.0,1.0,1.0
hybrid_rrf,exact_m_036,test,exact_name,Cho tôi thông tin về Gà nướng mật ong,menu:m_036,menu:m_036;menu:m_040;menu:m_084;menu:m_091;menu:m_038;menu:m_076;menu:m_023;menu:m_015;policy:allergen_safety;menu:m_017,0.23809523809523808,0.19130566295799467,3.4289680006622802,1.0,1.0,1.0,1.0,1.0,1.0,1.0
hybrid_rrf,exact_m_038,test,exact_name,Cho tôi thông tin về Cánh gà chiên nước mắm,menu:m_038,menu:m_038;menu:m_019;menu:m_016;menu:m_009;policy:allergen_safety;menu:m_041;menu:m_014;policy:ordering_scope;menu:m_013;menu:m_053,0.22893772893772893,0.19130566295799467,4.006889999800478,1.0,1.0,1.0,1.0,1.0,1.0,1.0
hybrid_rrf,exact_m_039,test,exact_name,Cho tôi thông tin về Gà xào sả ớt,menu:m_039,menu:m_039;menu:m_026;menu:m_038;menu:m_040;menu:m_027;menu:m_028;menu:m_056;menu:m_009;policy:allergen_safety;menu:m_024,0.23593073593073594,0.19130566295799467,4.657191999285715,1.0,1.0,1.0,1.0,1.0,1.0,1.0
hybrid_rrf,exact_m_041,test,exact_name,Cho tôi thông tin về Gà tiềm thuốc bắc,menu:m_041,menu:m_041;policy:allergen_safety;menu:m_038;menu:m_009;menu:m_034;menu:m_028;policy:ordering_scope;menu:m_037;menu:m_049;menu:m_039,0.23809523809523808,0.19130566295799467,5.878226000277209,1.0,1.0,1.0,1.0,1.0,1.0,1.0
hybrid_rrf,exact_m_042,test,exact_name,Cho tôi thông tin về Gà rô ti kiểu Việt,menu:m_042,menu:m_042;menu:m_016;menu:m_038;menu:m_019;policy:allergen_safety;menu:m_033;menu:m_009;policy:ordering_scope;menu:m_021;menu:m_032,0.22495894909688013,0.19130566295799467,4.640856999685639,1.0,1.0,1.0,1.0,1.0,1.0,1.0
hybrid_rrf,exact_m_043,test,exact_name,Cho tôi thông tin về Mì Quảng tôm thịt,menu:m_043,menu:m_043;menu:m_001;menu:m_055;menu:m_024;policy:allergen_safety;menu:m_019;menu:m_034;policy:ordering_scope;menu:m_046;menu:m_003,0.23809523809523808,0.19130566295799467,3.5334149997652275,1.0,1.0,1.0,1.0,1.0,1.0,1.0
hybrid_rrf,exact_m_044,test,exact_name,Cho tôi thông tin về Cao lầu Hội An,menu:m_044,menu:m_044;menu:m_032;menu:m_016;policy:allergen_safety;menu:m_088;policy:ordering_scope;menu:m_035;menu:m_048;menu:m_030;menu:m_029,0.23809523809523808,0.19130566295799467,3.808269999353797,1.0,1.0,1.0,1.0,1.0,1.0,1.0
hybrid_rrf,exact_m_045,test,exact_name,Cho tôi thông tin về Bê thui Cầu Mống,menu:m_045,menu:m_045;policy:parking;policy:allergen_safety;policy:ordering_scope;menu:m_028;menu:m_085;menu:m_089;menu:m_030;menu:m_061;menu:m_004,0.23809523809523808,0.19130566295799467,3.5798760000034235,1.0,1.0,1.0,1.0,1.0,1.0,1.0
hybrid_rrf,exact_m_046,test,exact_name,Cho tôi thông tin về Hủ tiếu Nam Vang,menu:m_046,menu:m_046;policy:allergen_safety;menu:m_050;menu:m_028;policy:ordering_scope;menu:m_055;menu:m_031;menu:m_054;menu:m_056;menu:m_037,0.23395445134575568,0.19130566295799467,3.796933000558056,1.0,1.0,1.0,1.0,1.0,1.0,1.0
hybrid_rrf,exact_m_047,test,exact_name,Cho tôi thông tin về Bánh tráng cuốn thịt heo,menu:m_047,menu:m_047;menu:m_001;menu:m_004;menu:m_043;menu:m_045;menu:m_003;menu:m_023;menu:m_076;policy:allergen_safety;menu:m_072,0.23809523809523808,0.19130566295799467,3.926368999600527,1.0,1.0,1.0,1.0,1.0,1.0,1.0
hybrid_rrf,exact_m_048,test,exact_name,Cho tôi thông tin về Cháo lòng Sài Gòn,menu:m_048,menu:m_048;menu:m_085;menu:m_059;menu:m_070;menu:m_019;menu:m_006;menu:m_015;menu:m_083;policy:allergen_safety;policy:ordering_scope,0.23809523809523808,0.19130566295799467,3.994941998826107,1.0,1.0,1.0,1.0,1.0,1.0,1.0
hybrid_rrf,exact_m_050,test,exact_name,Cho tôi thông tin về Phở chay nấm đông cô,menu:m_050,menu:m_050;menu:m_053;menu:m_031;menu:m_056;policy:allergen_safety;menu:m_008;menu:m_052;menu:m_009;menu:m_055;menu:m_051,0.23593073593073594,0.19130566295799467,4.93655399986892,1.0,1.0,1.0,1.0,1.0,1.0,1.0
hybrid_rrf,exact_m_051,test,exact_name,Cho tôi thông tin về Cơm chiên chay ngũ sắc,menu:m_051,menu:m_051;menu:m_019;menu:m_038;menu:m_021;menu:m_017;policy:allergen_safety;policy:ordering_scope;menu:m_052;menu:m_050;menu:m_054,0.22619047619047616,0.19130566295799467,4.251368998666294,1.0,1.0,1.0,1.0,1.0,1.0,1.0
hybrid_rrf,exact_m_052,test,exact_name,Cho tôi thông tin về Gỏi cuốn chay,menu:m_052,menu:m_052;policy:allergen_safety;policy:ordering_scope;menu:m_050;menu:m_001;menu:m_056;menu:m_053;menu:m_055;menu:m_047;menu:m_051,0.22172619047619047,0.19130566295799467,3.50765599978331,1.0,1.0,1.0,1.0,1.0,1.0,1.0
hybrid_rrf,exact_m_053,test,exact_name,Cho tôi thông tin về Canh khổ qua nhồi nấm,menu:m_053,menu:m_053;menu:m_038;menu:m_031;menu:m_050;policy:allergen_safety;menu:m_018;policy:ordering_scope;menu:m_046;menu:m_028;menu:m_056,0.23809523809523808,0.19130566295799467,4.767628999616136,1.0,1.0,1.0,1.0,1.0,1.0,1.0
hybrid_rrf,exact_m_054,test,exact_name,Cho tôi thông tin về Đậu hũ sốt cà chua,menu:m_054,menu:m_054;menu:m_012;menu:m_029;policy:allergen_safety;menu:m_014;policy:ordering_scope;policy:parking;menu:m_052;menu:m_028;menu:m_025,0.23809523809523808,0.19130566295799467,4.117928001505788,1.0,1.0,1.0,1.0,1.0,1.0,1.0
hybrid_rrf,exact_m_056,test,exact_name,Cho tôi thông tin về Bún chay Huế,menu:m_056,menu:m_056;menu:m_010;menu:m_020;menu:m_052;policy:allergen_safety;menu:m_050;menu:m_028;policy:ordering_scope;menu:m_055;menu:m_031,0.23593073593073594,0.19130566295799467,4.215013999782968,1.0,1.0,1.0,1.0,1.0,1.0,1.0
hybrid_rrf,exact_m_057,test,exact_name,Cho tôi thông tin về Cà phê sữa đá,menu:m_057,menu:m_057;menu:m_063;menu:m_062;menu:m_058;menu:m_059;menu:m_061;menu:m_060;menu:m_069;menu:m_067;policy:allergen_safety,0.23809523809523808,0.19130566295799467,3.3383310001227073,1.0,1.0,1.0,1.0,1.0,1.0,1.0
hybrid_rrf,exact_m_060,test,exact_name,Cho tôi thông tin về Trà đào cam sả,menu:m_060,menu:m_060;menu:m_061;menu:m_091;menu:m_089;menu:m_062;policy:allergen_safety;menu:m_027;policy:ordering_scope;menu:m_028;menu:m_074,0.23809523809523808,0.19130566295799467,3.434545000345679,1.0,1.0,1.0,1.0,1.0,1.0,1.0
hybrid_rrf,exact_m_061,test,exact_name,Cho tôi thông tin về Trà sen Tây Hồ,menu:m_061,menu:m_061;menu:m_060;menu:m_024;menu:m_062;policy:ordering_scope;policy:allergen_safety;menu:m_057;menu:m_035;menu:m_028;policy:reservation,0.23809523809523808,0.19130566295799467,3.249766999942949,1.0,1.0,1.0,1.0,1.0,1.0,1.0
hybrid_rrf,exact_m_062,test,exact_name,Cho tôi thông tin về Trà sữa trân châu,menu:m_062,menu:m_062;menu:m_057;menu:m_061;menu:m_060;menu:m_059;policy:allergen_safety;menu:m_028;policy:ordering_scope;menu:m_067;menu:m_069,0.23809523809523808,0.19130566295799467,3.31459500011988,1.0,1.0,1.0,1.0,1.0,1.0,1.0
hybrid_rrf,exact_m_063,test,exact_name,Cho tôi thông tin về Cà phê dừa,menu:m_063,menu:m_063;menu:m_057;menu:m_058;menu:m_061;menu:m_018;menu:m_059;policy:allergen_safety;menu:m_060;policy:ordering_scope;menu:m_062,0.23809523809523808,0.19130566295799467,4.3567890006670495,1.0,1.0,1.0,1.0,1.0,1.0,1.0
hybrid_rrf,exact_m_065,test,exact_name,Cho tôi thông tin về Sinh tố bơ Đắk Lắk,menu:m_065,menu:m_065;menu:m_067;menu:m_069;menu:m_028;menu:m_068;menu:m_064;policy:allergen_safety;menu:m_021;policy:parking;policy:ordering_scope,0.23593073593073594,0.19130566295799467,4.2957460009347415,1.0,1.0,1.0,1.0,1.0,1.0,1.0
hybrid_rrf,exact_m_066,test,exact_name,Cho tôi thông tin về Nước ép dưa hấu,menu:m_066,menu:m_066;menu:m_064;menu:m_081;menu:m_068;policy:allergen_safety;menu:m_070;menu:m_038;policy:ordering_scope;menu:m_067;menu:m_073,0.23593073593073594,0.19130566295799467,4.347705000327551,1.0,1.0,1.0,1.0,1.0,1.0,1.0
hybrid_rrf,exact_m_067,test,exact_name,Cho tôi thông tin về Sinh tố xoài Hòa Lộc,menu:m_067,menu:m_079;menu:m_067;menu:m_069;menu:m_065;menu:m_077;policy:allergen_safety;menu:m_038;menu:m_023;policy:parking;policy:ordering_scope,0.22348484848484848,0.19130566295799467,3.9815920008550165,0.0,1.0,1.0,1.0,0.5,0.6309297535714575,1.0
hybrid_rrf,exact_m_068,test,exact_name,Cho tôi thông tin về Nước rau má,menu:m_068,menu:m_068;menu:m_038;menu:m_028;policy:ordering_scope;policy:allergen_safety;menu:m_021;menu:m_019;policy:parking;menu:m_031;menu:m_056,0.22893772893772893,0.19130566295799467,3.5348969995538937,1.0,1.0,1.0,1.0,1.0,1.0,1.0
hybrid_rrf,exact_m_069,test,exact_name,Cho tôi thông tin về Sinh tố dâu tây Đà Lạt,menu:m_069,menu:m_069;menu:m_065;menu:m_067;menu:m_032;policy:parking;policy:allergen_safety;policy:ordering_scope;menu:m_035;menu:m_082;menu:m_024,0.23809523809523808,0.19130566295799467,4.778676000569249,1.0,1.0,1.0,1.0,1.0,1.0,1.0
hybrid_rrf,exact_m_071,test,exact_name,Cho tôi thông tin về Chè khúc bạch,menu:m_071,menu:m_071;menu:m_075;menu:m_073;policy:allergen_safety;policy:ordering_scope;menu:m_028;menu:m_038;policy:parking;menu:m_089;menu:m_019,0.21088435374149658,0.19130566295799467,3.395235999050783,1.0,1.0,1.0,1.0,1.0,1.0,1.0
hybrid_rrf,exact_m_072,test,exact_name,Cho tôi thông tin về Bánh flan caramel,menu:m_072,menu:m_072;menu:m_076;menu:m_038;menu:m_047;menu:m_004;policy:allergen_safety;menu:m_028;policy:ordering_scope;menu:m_006;menu:m_003,0.23809523809523808,0.19130566295799467,3.543259001162369,1.0,1.0,1.0,1.0,1.0,1.0,1.0
hybrid_rrf,exact_m_073,test,exact_name,Cho tôi thông tin về Chè bưởi,menu:m_073,menu:m_073;menu:m_075;menu:m_082;policy:allergen_safety;policy:ordering_scope;menu:m_071;menu:m_038;menu:m_028;policy:parking;menu:m_089,0.2113095238095238,0.19130566295799467,3.539323999575572,1.0,1.0,1.0,1.0,1.0,1.0,1.0
hybrid_rrf,exact_m_076,test,exact_name,Cho tôi thông tin về Bánh chuối nướng,menu:m_076,menu:m_076;menu:m_023;menu:m_036;menu:m_040;policy:allergen_safety;menu:m_017;menu:m_043;menu:m_072;policy:ordering_scope;menu:m_022,0.23809523809523808,0.19130566295799467,3.3352760001434945,1.0,1.0,1.0,1.0,1.0,1.0,1.0
hybrid_rrf,exact_m_077,test,exact_name,Cho tôi thông tin về Xôi xoài,menu:m_077,menu:m_077;menu:m_049;menu:m_079;policy:allergen_safety;policy:ordering_scope;menu:m_067;menu:m_005;menu:m_038;menu:m_028;policy:parking,0.22172619047619047,0.19130566295799467,3.5497699991537957,1.0,1.0,1.0,1.0,1.0,1.0,1.0
hybrid_rrf,exact_m_078,test,exact_name,Cho tôi thông tin về Đĩa trái cây theo mùa,menu:m_078,menu:m_078;menu:m_081;menu:m_079;policy:allergen_safety;menu:m_080;policy:ordering_scope;menu:m_082;policy:reservation;menu:m_083;menu:m_028,0.23809523809523808,0.19130566295799467,3.840127999865217,1.0,1.0,1.0,1.0,1.0,1.0,1.0
hybrid_rrf,exact_m_079,test,exact_name,Cho tôi thông tin về Xoài cát Hòa Lộc,menu:m_079,menu:m_079;menu:m_067;menu:m_023;menu:m_077;policy:allergen_safety;menu:m_038;policy:ordering_scope;menu:m_017;menu:m_005;menu:m_011,0.23809523809523808,0.19130566295799467,3.514025998811121,1.0,1.0,1.0,1.0,1.0,1.0,1.0
hybrid_rrf,exact_m_080,test,exact_name,Cho tôi thông tin về Sầu riêng Ri6,menu:m_080,menu:m_080;policy:ordering_scope;policy:parking;policy:allergen_safety;menu:m_028;menu:m_085;policy:cancel_order;menu:m_038;menu:m_089;menu:m_019,0.23809523809523808,0.19130566295799467,4.68881900087581,1.0,1.0,1.0,1.0,1.0,1.0,1.0
hybrid_rrf,exact_m_081,test,exact_name,Cho tôi thông tin về Dưa hấu lạnh,menu:m_081,menu:m_081;menu:m_066;menu:m_063;menu:m_074;policy:allergen_safety;menu:m_057;menu:m_071;policy:ordering_scope;menu:m_028;menu:m_038,0.23047619047619047,0.19130566295799467,3.761960000701947,1.0,1.0,1.0,1.0,1.0,1.0,1.0
hybrid_rrf,exact_m_082,test,exact_name,Cho tôi thông tin về Bưởi da xanh Bến Tre,menu:m_082,menu:m_082;menu:m_073;menu:m_040;menu:m_038;policy:allergen_safety;policy:ordering_scope;menu:m_057;menu:m_075;menu:m_032;menu:m_021,0.23809523809523808,0.19130566295799467,4.0625239998917095,1.0,1.0,1.0,1.0,1.0,1.0,1.0
hybrid_rrf,exact_m_083,test,exact_name,Cho tôi thông tin về Thanh long Bình Thuận,menu:m_083,menu:m_083;menu:m_048;policy:payment;policy:allergen_safety;menu:m_061;policy:ordering_scope;menu:m_070;menu:m_088;menu:m_006;menu:m_028,0.23214285714285712,0.19130566295799467,3.3837390001281165,1.0,1.0,1.0,1.0,1.0,1.0,1.0
hybrid_rrf,exact_m_084,test,exact_name,Cho tôi thông tin về Đu đủ chín mật ong,menu:m_084,menu:m_084;menu:m_091;menu:m_036;menu:m_028;policy:allergen_safety;menu:m_015;menu:m_077;menu:m_079;policy:ordering_scope;menu:m_038,0.23809523809523808,0.19130566295799467,4.604371999448631,1.0,1.0,1.0,1.0,1.0,1.0,1.0
hybrid_rrf,exact_m_086,test,exact_name,Cho tôi thông tin về Bia Hà Nội,menu:m_086,menu:m_086;menu:m_088;menu:m_090;menu:m_085;menu:m_049;menu:m_011;menu:m_002;menu:m_058;menu:m_087;menu:m_089,0.23593073593073594,0.19130566295799467,3.472993999821483,1.0,1.0,1.0,1.0,1.0,1.0,1.0
hybrid_rrf,exact_m_087,test,exact_name,Cho tôi thông tin về Bia Tiger Crystal,menu:m_087,menu:m_087;menu:m_085;menu:m_089;menu:m_086;menu:m_088;policy:allergen_safety;policy:ordering_scope;menu:m_091;menu:m_090;menu:m_028,0.23809523809523808,0.19130566295799467,3.8076989985711407,1.0,1.0,1.0,1.0,1.0,1.0,1.0
hybrid_rrf,exact_m_088,test,exact_name,Cho tôi thông tin về Bia hơi Hà Nội,menu:m_088,menu:m_088;menu:m_086;menu:m_090;menu:m_049;menu:m_011;menu:m_085;menu:m_058;menu:m_002;policy:allergen_safety;menu:m_089,0.23047619047619047,0.19130566295799467,3.3682159992167726,1.0,1.0,1.0,1.0,1.0,1.0,1.0
hybrid_rrf,exact_m_091,test,exact_name,Cho tôi thông tin về Cocktail chanh đào mật ong,menu:m_091,menu:m_091;menu:m_084;menu:m_036;menu:m_060;menu:m_037;menu:m_024;policy:allergen_safety;menu:m_028;policy:ordering_scope;menu:m_089,0.23809523809523808,0.19130566295799467,4.556730000331299,1.0,1.0,1.0,1.0,1.0,1.0,1.0
hybrid_rrf,multi_001,test,multi_intent,Quán có WiFi không và cho tôi xem phở bò tái nạm,policy:wifi;menu:m_008,policy:wifi;menu:m_008;policy:parking;menu:m_050;menu:m_028;policy:allergen_safety;menu:m_021;menu:m_053;menu:m_009;policy:ai_role,0.23809523809523808,0.19130566295799467,4.590230999383493,1.0,1.0,1.0,1.0,1.0,1.0,1.0
hybrid_rrf,multi_002,test,multi_intent,"Thanh toán bằng VietQR thế nào, và quán có cơm chay không?",policy:payment;menu:m_051,policy:payment;policy:wifi;policy:allergen_safety;policy:ai_role;menu:m_050;menu:m_051;menu:m_019;menu:m_017;menu:m_053;menu:m_020,0.23809523809523808,0.19130566295799467,5.615648999082623,1.0,1.0,1.0,0.5,1.0,0.8315546295836225,1.0
hybrid_rrf,multi_003,test,multi_intent,Tôi đậu ô tô ở đâu và có bia Hà Nội không?,policy:parking;menu:m_086,policy:parking;menu:m_088;menu:m_086;menu:m_011;menu:m_090;menu:m_058;menu:m_049;policy:allergen_safety;menu:m_014;menu:m_002,0.21936758893280633,0.19130566295799467,4.8814999991009245,1.0,1.0,1.0,1.0,1.0,0.9197207891481876,1.0
hybrid_rrf,multi_004,test,multi_intent,Quán mở đến mấy giờ và còn trà sen Tây Hồ chứ?,policy:opening_hours;menu:m_061,policy:opening_hours;menu:m_061;menu:m_062;policy:reservation;menu:m_058;policy:availability;menu:m_060;menu:m_022;policy:ai_role;menu:m_024,0.23809523809523808,0.19130566295799467,4.078629001014633,1.0,1.0,1.0,1.0,1.0,1.0,1.0
hybrid_rrf,neg_003,test,hard_negative,Giá cổ phiếu hôm nay tăng hay giảm?,,policy:availability;menu:m_041;menu:m_046;menu:m_030;menu:m_050;policy:wifi;menu:m_042;policy:cancel_order;menu:m_048;menu:m_003,0.23809523809523808,0.19130566295799467,3.579705000447575,,,,,,,0.0
hybrid_rrf,neg_004,test,hard_negative,Giải phương trình bậc hai giúp tôi,,menu:m_041;menu:m_028;menu:m_081;menu:m_059;menu:m_034;menu:m_053;menu:m_024;menu:m_033;menu:m_068;policy:payment,0.2103896103896104,0.19130566295799467,3.3527120012877276,,,,,,,0.0
hybrid_rrf,neg_005,test,hard_negative,Đội bóng nào vô địch mùa này?,,menu:m_078;menu:m_003;menu:m_035;policy:cancel_order;menu:m_075;menu:m_066;policy:availability;menu:m_038;menu:m_023;menu:m_028,0.20309477756286268,0.19130566295799467,3.3043590010493062,,,,,,,0.0
hybrid_rrf,neg_006,test,hard_negative,Có nên mua bitcoin bây giờ không?,,policy:allergen_safety;menu:m_078;policy:opening_hours;policy:availability;policy:ai_role;policy:wifi;menu:m_050;menu:m_033;policy:payment;menu:m_075,0.19523809523809524,0.19130566295799467,3.3595330005482538,,,,,,,0.0
hybrid_rrf,neg_007,test,hard_negative,Làm bài tập lịch sử cho tôi,,,0.19047619047619047,0.19130566295799467,3.031728001587908,,,,,,,1.0
hybrid_rrf,neg_008,test,hard_negative,Tóm tắt tin tức quốc tế mới nhất,,policy:opening_hours;menu:m_026;menu:m_014;policy:allergen_safety;menu:m_043;menu:m_024;menu:m_033;menu:m_005;menu:m_022;menu:m_019,0.19278096800656275,0.19130566295799467,4.431199999089586,,,,,,,0.0
hybrid_rrf,nodia_m_002,test,no_diacritic,quan co nem ran ha noi khong,menu:m_002,menu:m_002;menu:m_090;menu:m_058;menu:m_088;menu:m_086;menu:m_011;menu:m_049;menu:m_014;policy:wifi;menu:m_004,0.2275132275132275,0.19130566295799467,3.185920000760234,1.0,1.0,1.0,1.0,1.0,1.0,1.0
hybrid_rrf,nodia_m_003,test,no_diacritic,quan co banh xeo mien tay khong,menu:m_003,menu:m_003;policy:wifi;menu:m_035;menu:m_082;menu:m_013;menu:m_023;menu:m_043;menu:m_047;menu:m_076;menu:m_006,0.19047619047619047,0.19130566295799467,4.04938399879029,1.0,1.0,1.0,1.0,1.0,1.0,0.0
hybrid_rrf,nodia_m_005,test,no_diacritic,quan co goi xoai tom su khong,menu:m_005,menu:m_005;policy:wifi;menu:m_077;menu:m_024;menu:m_001;menu:m_079;policy:allergen_safety;menu:m_014;menu:m_052;menu:m_033,0.19047619047619047,0.19130566295799467,3.316948001156561,1.0,1.0,1.0,1.0,1.0,1.0,0.0
hybrid_rrf,nodia_m_010,test,no_diacritic,quan co bun bo hue khong,menu:m_010,menu:m_010;menu:m_056;menu:m_011;policy:wifi;menu:m_014;menu:m_008;menu:m_030;menu:m_052;menu:m_020;menu:m_021,0.2113095238095238,0.19130566295799467,3.012527999089798,1.0,1.0,1.0,1.0,1.0,1.0,1.0
hybrid_rrf,nodia_m_011,test,no_diacritic,quan co bun cha ha noi khong,menu:m_011,menu:m_011;menu:m_014;menu:m_058;menu:m_002;menu:m_090;menu:m_088;menu:m_049;menu:m_086;menu:m_004;menu:m_010,0.23395445134575568,0.19130566295799467,3.355976999955601,1.0,1.0,1.0,1.0,1.0,1.0,1.0
hybrid_rrf,nodia_m_014,test,no_diacritic,quan co bun dau mam tom khong,menu:m_014,menu:m_014;menu:m_013;menu:m_011;menu:m_001;policy:wifi;menu:m_005;menu:m_043;policy:allergen_safety;menu:m_050;policy:parking,0.23214285714285712,0.19130566295799467,5.625484000120196,1.0,1.0,1.0,1.0,1.0,1.0,1.0
hybrid_rrf,nodia_m_018,test,no_diacritic,quan co com ca kho to khong,menu:m_018,menu:m_018;menu:m_019;policy:wifi;menu:m_017;menu:m_053;menu:m_051;menu:m_020;menu:m_016;policy:allergen_safety;menu:m_064,0.19047619047619047,0.19130566295799467,3.333172999191447,1.0,1.0,1.0,1.0,1.0,1.0,0.0
hybrid_rrf,nodia_m_019,test,no_diacritic,quan co com chien sai gon khong,menu:m_019,menu:m_015;menu:m_070;menu:m_059;menu:m_019;menu:m_006;menu:m_048;menu:m_085;menu:m_017;menu:m_038;menu:m_051,0.21212121212121213,0.19130566295799467,3.459674000623636,0.0,0.0,1.0,1.0,0.25,0.43067655807339306,1.0
hybrid_rrf,nodia_m_021,test,no_diacritic,quan co com bo luc lac khong,menu:m_021,menu:m_021;menu:m_017;policy:wifi;policy:allergen_safety;menu:m_008;menu:m_030;menu:m_016;menu:m_020;menu:m_019;menu:m_065,0.19047619047619047,0.19130566295799467,3.371390999745927,1.0,1.0,1.0,1.0,1.0,1.0,0.0
hybrid_rrf,nodia_m_022,test,no_diacritic,quan co tom hum nuong mo hanh khong,menu:m_022,menu:m_090;menu:m_022;menu:m_043;menu:m_017;policy:opening_hours;menu:m_049;policy:wifi;policy:allergen_safety;menu:m_033;menu:m_036,0.19162640901771336,0.19130566295799467,4.246982000040589,0.0,1.0,1.0,1.0,0.5,0.6309297535714575,1.0
hybrid_rrf,nodia_m_023,test,no_diacritic,quan co ca loc nuong trui khong,menu:m_023,menu:m_079;menu:m_017;menu:m_023;policy:wifi;menu:m_076;menu:m_067;menu:m_036;policy:allergen_safety;menu:m_040;menu:m_011,0.19391304347826085,0.19130566295799467,4.2955360004270915,0.0,1.0,1.0,1.0,0.3333333333333333,0.5,1.0
hybrid_rrf,nodia_m_024,test,no_diacritic,quan co tom rang muoi tay ninh khong,menu:m_024,menu:m_024;menu:m_013;policy:wifi;menu:m_003;menu:m_005;menu:m_040;menu:m_033;menu:m_028;menu:m_082;menu:m_035,0.20899470899470898,0.19130566295799467,3.728140000021085,1.0,1.0,1.0,1.0,1.0,1.0,1.0
hybrid_rrf,nodia_m_025,test,no_diacritic,quan co cua rang me khong,menu:m_025,menu:m_025;menu:m_076;policy:opening_hours;policy:wifi;policy:ai_role;menu:m_012;menu:m_028;menu:m_007;menu:m_082;policy:allergen_safety,0.20714285714285713,0.19130566295799467,3.1945439986884594,1.0,1.0,1.0,1.0,1.0,1.0,1.0
hybrid_rrf,nodia_m_026,test,no_diacritic,quan co muc xao sa te khong,menu:m_026,menu:m_039;menu:m_026;menu:m_033;policy:wifi;policy:allergen_safety;menu:m_027;menu:m_050;menu:m_074;menu:m_060;policy:ai_role,0.21122994652406418,0.19130566295799467,3.3628370001679286,0.0,1.0,1.0,1.0,0.5,0.6309297535714575,1.0
hybrid_rrf,nodia_m_027,test,no_diacritic,quan co ngheu hap sa khong,menu:m_027,menu:m_037;menu:m_027;menu:m_033;policy:wifi;menu:m_039;policy:allergen_safety;menu:m_015;menu:m_074;menu:m_050;menu:m_060,0.20332480818414322,0.19130566295799467,3.2541529999434715,0.0,1.0,1.0,1.0,0.5,0.6309297535714575,1.0
hybrid_rrf,nodia_m_028,test,no_diacritic,quan co oc huong rang bo toi khong,menu:m_028,menu:m_028;policy:wifi;menu:m_021;menu:m_024;policy:ai_role;menu:m_031;menu:m_010;policy:opening_hours;menu:m_065;menu:m_025,0.19047619047619047,0.19130566295799467,4.327724998802296,1.0,1.0,1.0,1.0,1.0,1.0,0.0
hybrid_rrf,nodia_m_029,test,no_diacritic,quan co lau chua ca lang khong,menu:m_029,menu:m_033;menu:m_054;menu:m_029;menu:m_032;menu:m_035;policy:wifi;menu:m_031;policy:allergen_safety;menu:m_030;menu:m_050,0.20745920745920746,0.19130566295799467,3.5284280002088053,0.0,1.0,1.0,1.0,0.3333333333333333,0.5,1.0
hybrid_rrf,nodia_m_030,test,no_diacritic,quan co lau bo nhung giam khong,menu:m_030,menu:m_030;menu:m_033;policy:wifi;menu:m_034;menu:m_032;menu:m_031;menu:m_035;policy:availability;menu:m_021;policy:allergen_safety,0.19047619047619047,0.19130566295799467,4.664963998948224,1.0,1.0,1.0,1.0,1.0,1.0,0.0
hybrid_rrf,nodia_m_031,test,no_diacritic,quan co lau nam chay khong,menu:m_031,menu:m_050;menu:m_055;menu:m_031;menu:m_056;menu:m_053;menu:m_033;policy:wifi;menu:m_032;menu:m_051;menu:m_035,0.20309477756286268,0.19130566295799467,7.540205000623246,0.0,1.0,1.0,1.0,0.3333333333333333,0.5,1.0
hybrid_rrf,nodia_m_032,test,no_diacritic,quan co lau ga la e da lat khong,menu:m_032,menu:m_032;menu:m_037;menu:m_069;menu:m_033;menu:m_035;menu:m_031;menu:m_036;menu:m_040;policy:wifi;menu:m_009,0.23593073593073594,0.19130566295799467,4.353443000582047,1.0,1.0,1.0,1.0,1.0,1.0,1.0
hybrid_rrf,nodia_m_033,test,no_diacritic,quan co lau hai san chua cay khong,menu:m_033,menu:m_033;menu:m_029;menu:m_032;policy:wifi;policy:allergen_safety;menu:m_044;menu:m_031;menu:m_035;menu:m_026;menu:m_025,0.2175032175032175,0.19130566295799467,3.6066159991605673,1.0,1.0,1.0,1.0,1.0,1.0,1.0
hybrid_rrf,nodia_m_034,test,no_diacritic,quan co lau de thuoc bac khong,menu:m_034,menu:m_041;menu:m_034;menu:m_032;policy:wifi;menu:m_033;menu:m_029;menu:m_031;menu:m_035;policy:allergen_safety;policy:ai_role,0.20222634508348794,0.19130566295799467,3.421856999921147,0.0,1.0,1.0,1.0,0.5,0.6309297535714575,1.0
hybrid_rrf,nodia_m_035,test,no_diacritic,quan co lau mam mien tay khong,menu:m_035,menu:m_035;menu:m_013;menu:m_032;policy:wifi;menu:m_003;menu:m_033;menu:m_082;menu:m_023;menu:m_031;menu:m_014,0.21373200442967882,0.19130566295799467,3.5336959990672767,1.0,1.0,1.0,1.0,1.0,1.0,1.0
hybrid_rrf,nodia_m_036,test,no_diacritic,quan co ga nuong mat ong khong,menu:m_036,menu:m_036;menu:m_040;menu:m_015;menu:m_017;policy:wifi;menu:m_084;menu:m_091;menu:m_076;menu:m_009;menu:m_037,0.21904761904761905,0.19130566295799467,3.345080998769845,1.0,1.0,1.0,1.0,1.0,1.0,1.0
hybrid_rrf,nodia_m_038,test,no_diacritic,quan co canh ga chien nuoc mam khong,menu:m_038,menu:m_038;menu:m_002;menu:m_014;menu:m_016;menu:m_053;policy:wifi;menu:m_009;menu:m_041;menu:m_032;menu:m_019,0.21047619047619046,0.19130566295799467,3.665595000711619,1.0,1.0,1.0,1.0,1.0,1.0,1.0
hybrid_rrf,nodia_m_039,test,no_diacritic,quan co ga xao sa ot khong,menu:m_039,menu:m_039;menu:m_040;menu:m_026;menu:m_038;menu:m_009;policy:wifi;menu:m_027;menu:m_041;menu:m_032;policy:allergen_safety,0.22172619047619047,0.19130566295799467,3.8157419985509478,1.0,1.0,1.0,1.0,1.0,1.0,1.0
hybrid_rrf,nodia_m_041,test,no_diacritic,quan co ga tiem thuoc bac khong,menu:m_041,menu:m_041;menu:m_034;menu:m_009;menu:m_039;policy:wifi;menu:m_037;menu:m_032;policy:allergen_safety;menu:m_036;menu:m_038,0.2132034632034632,0.19130566295799467,4.419583001435967,1.0,1.0,1.0,1.0,1.0,1.0,1.0
hybrid_rrf,nodia_m_042,test,no_diacritic,quan co ga ro ti kieu viet khong,menu:m_042,menu:m_042;menu:m_033;menu:m_016;policy:wifi;menu:m_009;menu:m_039;menu:m_032;menu:m_041;menu:m_037;policy:allergen_safety,0.21088435374149658,0.19130566295799467,4.059869999764487,1.0,1.0,1.0,1.0,1.0,1.0,1.0
hybrid_rrf,nodia_m_043,test,no_diacritic,quan co mi quang tom thit khong,menu:m_043,menu:m_043;menu:m_055;menu:m_006;menu:m_033;policy:wifi;menu:m_001;policy:allergen_safety;menu:m_014;menu:m_034;menu:m_024,0.2126984126984127,0.19130566295799467,3.39449499915645,1.0,1.0,1.0,1.0,1.0,1.0,1.0
hybrid_rrf,nodia_m_044,test,no_diacritic,quan co cao lau hoi an khong,menu:m_044,menu:m_032;menu:m_016;menu:m_044;policy:wifi;menu:m_033;menu:m_088;menu:m_030;menu:m_031;menu:m_048;menu:m_034,0.21428571428571427,0.19130566295799467,3.4166490004281513,0.0,1.0,1.0,1.0,0.3333333333333333,0.5,1.0
hybrid_rrf,nodia_m_045,test,no_diacritic,quan co be thui cau mong khong,menu:m_045,menu:m_045;policy:wifi;policy:allergen_safety;menu:m_050;policy:ai_role;policy:cancel_order;menu:m_004;policy:opening_hours;policy:availability;menu:m_082,0.19047619047619047,0.19130566295799467,3.3337439999741036,1.0,1.0,1.0,1.0,1.0,1.0,0.0
hybrid_rrf,nodia_m_046,test,no_diacritic,quan co hu tieu nam vang khong,menu:m_046,menu:m_046;menu:m_054;menu:m_050;menu:m_053;policy:wifi;menu:m_031;menu:m_055;policy:allergen_safety;menu:m_037;menu:m_056,0.19047619047619047,0.19130566295799467,3.3526619990880135,1.0,1.0,1.0,1.0,1.0,1.0,0.0
hybrid_rrf,nodia_m_047,test,no_diacritic,quan co banh trang cuon thit heo khong,menu:m_047,menu:m_004;menu:m_047;menu:m_001;menu:m_043;menu:m_017;policy:wifi;menu:m_003;menu:m_045;menu:m_076;menu:m_023,0.19565217391304346,0.19130566295799467,4.215874998408253,0.0,1.0,1.0,1.0,0.5,0.6309297535714575,1.0
hybrid_rrf,nodia_m_048,test,no_diacritic,quan co chao long sai gon khong,menu:m_048,menu:m_048;menu:m_070;menu:m_059;menu:m_006;menu:m_015;menu:m_083;menu:m_085;policy:wifi;menu:m_050;menu:m_019,0.21988795518207283,0.19130566295799467,3.308957000626833,1.0,1.0,1.0,1.0,1.0,1.0,1.0
hybrid_rrf,nodia_m_050,test,no_diacritic,quan co pho chay nam dong co khong,menu:m_050,menu:m_050;menu:m_055;menu:m_031;menu:m_053;menu:m_056;policy:wifi;menu:m_008;menu:m_012;menu:m_052;menu:m_054,0.2132034632034632,0.19130566295799467,4.3280049994791625,1.0,1.0,1.0,1.0,1.0,1.0,1.0
hybrid_rrf,nodia_m_051,test,no_diacritic,quan co com chien chay ngu sac khong,menu:m_051,menu:m_017;menu:m_019;menu:m_050;menu:m_051;menu:m_054;policy:wifi;menu:m_055;menu:m_031;menu:m_038;menu:m_014,0.20347826086956522,0.19130566295799467,3.5962809997727163,0.0,0.0,1.0,1.0,0.25,0.43067655807339306,1.0
hybrid_rrf,nodia_m_052,test,no_diacritic,quan co goi cuon chay khong,menu:m_052,menu:m_052;menu:m_050;policy:wifi;menu:m_055;menu:m_001;menu:m_031;menu:m_053;policy:allergen_safety;menu:m_004;menu:m_054,0.20865800865800865,0.19130566295799467,3.280183000242687,1.0,1.0,1.0,1.0,1.0,1.0,1.0
hybrid_rrf,nodia_m_053,test,no_diacritic,quan co canh kho qua nhoi nam khong,menu:m_053,menu:m_050;menu:m_053;policy:wifi;menu:m_038;menu:m_031;menu:m_018;policy:allergen_safety;menu:m_055;menu:m_046;policy:ai_role,0.19936204146730463,0.19130566295799467,3.5445620014797896,0.0,1.0,1.0,1.0,0.5,0.6309297535714575,1.0
hybrid_rrf,nodia_m_054,test,no_diacritic,quan co dau hu sot ca chua khong,menu:m_054,menu:m_054;menu:m_050;menu:m_014;policy:wifi;menu:m_012;menu:m_029;menu:m_055;menu:m_033;menu:m_051;policy:allergen_safety,0.22172619047619047,0.19130566295799467,4.234363001160091,1.0,1.0,1.0,1.0,1.0,1.0,1.0
hybrid_rrf,nodia_m_056,test,no_diacritic,quan co bun chay hue khong,menu:m_056,menu:m_010;menu:m_050;menu:m_056;menu:m_052;menu:m_011;menu:m_055;policy:wifi;menu:m_014;menu:m_031;menu:m_020,0.20454545454545456,0.19130566295799467,3.4116719998564804,0.0,1.0,1.0,1.0,0.3333333333333333,0.5,1.0
hybrid_rrf,nodia_m_057,test,no_diacritic,quan co ca phe sua da khong,menu:m_057,menu:m_057;menu:m_059;menu:m_063;menu:m_062;menu:m_058;menu:m_082;policy:wifi;menu:m_060;menu:m_069;menu:m_032,0.19047619047619047,0.19130566295799467,4.675019001297187,1.0,1.0,1.0,1.0,1.0,1.0,0.0
hybrid_rrf,nodia_m_060,test,no_diacritic,quan co tra dao cam sa khong,menu:m_060,menu:m_060;menu:m_064;policy:wifi;menu:m_091;menu:m_089;menu:m_039;policy:allergen_safety;menu:m_027;menu:m_061;menu:m_062,0.19047619047619047,0.19130566295799467,3.296947999842814,1.0,1.0,1.0,1.0,1.0,1.0,0.0
hybrid_rrf,nodia_m_061,test,no_diacritic,quan co tra sen tay ho khong,menu:m_061,menu:m_061;policy:wifi;policy:ai_role;policy:allergen_safety;menu:m_082;menu:m_060;menu:m_035;menu:m_062;menu:m_013;menu:m_050,0.19047619047619047,0.19130566295799467,3.881851000187453,1.0,1.0,1.0,1.0,1.0,1.0,0.0
hybrid_rrf,nodia_m_062,test,no_diacritic,quan co tra sua tran chau khong,menu:m_062,menu:m_062;policy:wifi;menu:m_059;menu:m_057;menu:m_061;policy:allergen_safety;menu:m_060;menu:m_050;policy:availability;policy:cancel_order,0.19047619047619047,0.19130566295799467,3.436899000007543,1.0,1.0,1.0,1.0,1.0,1.0,0.0
hybrid_rrf,nodia_m_063,test,no_diacritic,quan co ca phe dua khong,menu:m_063,menu:m_063;menu:m_057;menu:m_059;menu:m_058;policy:wifi;menu:m_018;policy:allergen_safety;menu:m_054;menu:m_081;menu:m_060,0.19047619047619047,0.19130566295799467,3.2183189996430883,1.0,1.0,1.0,1.0,1.0,1.0,0.0
hybrid_rrf,nodia_m_065,test,no_diacritic,quan co sinh to bo dak lak khong,menu:m_065,menu:m_065;menu:m_067;menu:m_069;policy:wifi;menu:m_070;menu:m_064;menu:m_021;policy:allergen_safety;menu:m_068;policy:parking,0.2175032175032175,0.19130566295799467,3.3144640001410153,1.0,1.0,1.0,1.0,1.0,1.0,1.0
hybrid_rrf,nodia_m_066,test,no_diacritic,quan co nuoc ep dua hau khong,menu:m_066,menu:m_070;menu:m_066;menu:m_081;menu:m_064;policy:wifi;menu:m_050;menu:m_068;menu:m_073;policy:allergen_safety;menu:m_076,0.19448275862068964,0.19130566295799467,4.175475998636102,0.0,1.0,1.0,1.0,0.5,0.6309297535714575,1.0
hybrid_rrf,nodia_m_067,test,no_diacritic,quan co sinh to xoai hoa loc khong,menu:m_067,menu:m_079;menu:m_067;menu:m_065;menu:m_069;policy:wifi;menu:m_070;menu:m_064;menu:m_077;menu:m_023;menu:m_017,0.20884520884520885,0.19130566295799467,4.064146000018809,0.0,1.0,1.0,1.0,0.5,0.6309297535714575,1.0
hybrid_rrf,nodia_m_068,test,no_diacritic,quan co nuoc rau ma khong,menu:m_068,menu:m_050;menu:m_068;policy:wifi;menu:m_064;menu:m_075;policy:allergen_safety;menu:m_070;menu:m_031;policy:ai_role;menu:m_038,0.19145690312738367,0.19130566295799467,3.3970290005527204,0.0,1.0,1.0,1.0,0.5,0.6309297535714575,1.0
hybrid_rrf,nodia_m_069,test,no_diacritic,quan co sinh to dau tay da lat khong,menu:m_069,menu:m_032;menu:m_065;menu:m_069;menu:m_070;menu:m_067;menu:m_013;menu:m_082;policy:parking;policy:wifi;menu:m_035,0.21557971014492752,0.19130566295799467,5.51195299885876,0.0,1.0,1.0,1.0,0.3333333333333333,0.5,1.0
hybrid_rrf,nodia_m_071,test,no_diacritic,quan co che khuc bach khong,menu:m_071,menu:m_071;menu:m_075;policy:wifi;menu:m_073;menu:m_050;policy:allergen_safety;policy:ai_role;menu:m_082;policy:opening_hours;policy:availability,0.19047619047619047,0.19130566295799467,3.8133380003273487,1.0,1.0,1.0,1.0,1.0,1.0,0.0
hybrid_rrf,nodia_m_072,test,no_diacritic,quan co banh flan caramel khong,menu:m_072,menu:m_072;menu:m_076;policy:wifi;menu:m_006;menu:m_050;policy:allergen_safety;menu:m_004;policy:ai_role;menu:m_038;menu:m_047,0.22893772893772893,0.19130566295799467,3.4916210006485926,1.0,1.0,1.0,1.0,1.0,1.0,1.0
hybrid_rrf,nodia_m_073,test,no_diacritic,quan co che buoi khong,menu:m_073,menu:m_073;menu:m_082;menu:m_075;policy:wifi;menu:m_071;policy:allergen_safety;policy:ai_role;menu:m_050;policy:opening_hours;menu:m_033,0.2077175697865353,0.19130566295799467,3.337939999255468,1.0,1.0,1.0,1.0,1.0,1.0,1.0
hybrid_rrf,nodia_m_076,test,no_diacritic,quan co banh chuoi nuong khong,menu:m_076,menu:m_017;menu:m_076;policy:wifi;menu:m_023;menu:m_043;menu:m_040;policy:allergen_safety;menu:m_036;menu:m_006;menu:m_011,0.20545454545454545,0.19130566295799467,4.669710999223753,0.0,1.0,1.0,1.0,0.5,0.6309297535714575,1.0
hybrid_rrf,nodia_m_077,test,no_diacritic,quan co xoi xoai khong,menu:m_077,menu:m_077;menu:m_049;menu:m_079;policy:wifi;menu:m_067;menu:m_050;menu:m_005;policy:allergen_safety;policy:ai_role;menu:m_082,0.20833333333333331,0.19130566295799467,4.965396999978111,1.0,1.0,1.0,1.0,1.0,1.0,1.0
hybrid_rrf,nodia_m_078,test,no_diacritic,quan co dia trai cay theo mua khong,menu:m_078,menu:m_082;menu:m_078;menu:m_033;policy:wifi;menu:m_083;menu:m_079;policy:allergen_safety;menu:m_081;menu:m_075;menu:m_050,0.19716885743174922,0.19130566295799467,3.3624070001678774,0.0,1.0,1.0,1.0,0.5,0.6309297535714575,1.0
hybrid_rrf,nodia_m_079,test,no_diacritic,quan co xoai cat hoa loc khong,menu:m_079,menu:m_079;menu:m_077;menu:m_067;policy:wifi;menu:m_023;menu:m_017;menu:m_050;menu:m_011;menu:m_005;policy:allergen_safety,0.21486643437862948,0.19130566295799467,3.360955000971444,1.0,1.0,1.0,1.0,1.0,1.0,1.0
hybrid_rrf,nodia_m_080,test,no_diacritic,quan co sau rieng ri6 khong,menu:m_080,menu:m_080;policy:wifi;policy:cancel_order;menu:m_050;policy:allergen_safety;policy:ai_role;menu:m_082;policy:opening_hours;policy:availability;menu:m_064,0.20899470899470898,0.19130566295799467,4.418020998855354,1.0,1.0,1.0,1.0,1.0,1.0,1.0
hybrid_rrf,nodia_m_081,test,no_diacritic,quan co dua hau lanh khong,menu:m_081,menu:m_081;menu:m_066;policy:wifi;menu:m_063;policy:allergen_safety;menu:m_050;menu:m_074;menu:m_090;menu:m_071;policy:ai_role,0.19047619047619047,0.19130566295799467,3.161172999170958,1.0,1.0,1.0,1.0,1.0,1.0,0.0
hybrid_rrf,nodia_m_082,test,no_diacritic,quan co buoi da xanh ben tre khong,menu:m_082,menu:m_082;menu:m_073;menu:m_040;policy:wifi;menu:m_032;policy:allergen_safety;menu:m_033;menu:m_062;policy:ai_role;menu:m_050,0.21825396825396826,0.19130566295799467,3.3867530000861734,1.0,1.0,1.0,1.0,1.0,1.0,1.0
hybrid_rrf,nodia_m_083,test,no_diacritic,quan co thanh long binh thuan khong,menu:m_083,menu:m_083;menu:m_048;policy:wifi;policy:allergen_safety;menu:m_082;policy:ai_role;menu:m_070;menu:m_088;policy:payment;menu:m_006,0.2275132275132275,0.19130566295799467,4.4923130008101,1.0,1.0,1.0,1.0,1.0,1.0,1.0
hybrid_rrf,nodia_m_084,test,no_diacritic,quan co du du chin mat ong khong,menu:m_084,menu:m_084;menu:m_036;menu:m_015;policy:wifi;menu:m_091;policy:allergen_safety;menu:m_050;policy:availability;policy:ai_role;menu:m_077,0.19047619047619047,0.19130566295799467,3.2735519998823293,1.0,1.0,1.0,1.0,1.0,1.0,0.0
hybrid_rrf,nodia_m_086,test,no_diacritic,quan co bia ha noi khong,menu:m_086,menu:m_088;menu:m_058;menu:m_086;menu:m_011;menu:m_049;menu:m_090;menu:m_002;policy:wifi;menu:m_014;menu:m_061,0.2095959595959596,0.19130566295799467,3.050616000109585,0.0,1.0,1.0,1.0,0.3333333333333333,0.5,1.0
hybrid_rrf,nodia_m_087,test,no_diacritic,quan co bia tiger crystal khong,menu:m_087,menu:m_087;menu:m_088;policy:wifi;menu:m_086;menu:m_085;menu:m_091;policy:allergen_safety;menu:m_082;policy:ai_role;menu:m_089,0.23047619047619047,0.19130566295799467,4.004095999334822,1.0,1.0,1.0,1.0,1.0,1.0,1.0
hybrid_rrf,nodia_m_088,test,no_diacritic,quan co bia hoi ha noi khong,menu:m_088,menu:m_088;menu:m_058;menu:m_011;menu:m_086;menu:m_049;menu:m_090;menu:m_002;policy:wifi;menu:m_014;menu:m_016,0.21486643437862948,0.19130566295799467,5.5866349994175835,1.0,1.0,1.0,1.0,1.0,1.0,1.0
hybrid_rrf,nodia_m_091,test,no_diacritic,quan co cocktail chanh dao mat ong khong,menu:m_091,menu:m_091;menu:m_036;menu:m_037;policy:wifi;menu:m_015;menu:m_084;menu:m_060;menu:m_053;policy:allergen_safety;policy:ai_role,0.2275132275132275,0.19130566295799467,3.5862949989677873,1.0,1.0,1.0,1.0,1.0,1.0,1.0
hybrid_rrf,pol_001,test,policy_paraphrase,Bạn chốt đơn rồi gửi xuống bếp giúp mình nhé,policy:ai_role,policy:cancel_order;policy:reservation;menu:m_019;policy:ai_role;policy:ordering_scope;menu:m_040;menu:m_014;menu:m_008;menu:m_087;menu:m_059,0.19047619047619047,0.19130566295799467,4.00378500125953,0.0,0.0,1.0,1.0,0.25,0.43067655807339306,0.0
hybrid_rrf,pol_002,test,policy_paraphrase,AI có thể tự mua và trả tiền hộ tôi không?,policy:ai_role,policy:ai_role;policy:payment;policy:cancel_order;policy:wifi;policy:availability;menu:m_061;policy:opening_hours;policy:reservation;menu:m_062;policy:parking,0.23809523809523808,0.19130566295799467,3.9334789998974884,1.0,1.0,1.0,1.0,1.0,1.0,1.0
hybrid_rrf,pol_003,test,policy_paraphrase,Tôi đặt đồ rồi ghé quán lấy sau được không?,policy:ordering_scope,policy:ordering_scope;policy:wifi;policy:reservation;policy:availability;policy:ai_role;menu:m_080;policy:opening_hours;policy:cancel_order;menu:m_038;menu:m_082,0.19905956112852666,0.19130566295799467,3.54962900019018,1.0,1.0,1.0,1.0,1.0,1.0,1.0
hybrid_rrf,pol_004,test,policy_paraphrase,Ở đây trả tiền theo những cách nào?,policy:payment,policy:payment;policy:parking;policy:availability;menu:m_078;menu:m_030;policy:reservation;menu:m_060;menu:m_059;menu:m_061;menu:m_063,0.22943722943722944,0.19130566295799467,3.3372289999533677,1.0,1.0,1.0,1.0,1.0,1.0,1.0
hybrid_rrf,pol_005,test,policy_paraphrase,Tối muộn khoảng mười giờ quán còn phục vụ chứ?,policy:opening_hours,policy:opening_hours;policy:reservation;menu:m_040;policy:wifi;policy:availability;menu:m_024;menu:m_009;menu:m_037;policy:parking;menu:m_028,0.23809523809523808,0.19130566295799467,3.712956999152084,1.0,1.0,1.0,1.0,1.0,1.0,1.0
hybrid_rrf,pol_007,test,policy_paraphrase,Nếu đi ô tô thì tôi để xe chỗ nào?,policy:parking,policy:parking;policy:allergen_safety;menu:m_034;menu:m_028;menu:m_067;menu:m_049;menu:m_018;menu:m_069;menu:m_070;menu:m_065,0.23809523809523808,0.19130566295799467,3.551621999577037,1.0,1.0,1.0,1.0,1.0,1.0,1.0
hybrid_rrf,pol_009,test,policy_paraphrase,Món đã gửi xuống bếp rồi có đổi lại được không?,policy:cancel_order,policy:cancel_order;policy:availability;menu:m_053;policy:ai_role;menu:m_050;policy:wifi;menu:m_019;policy:allergen_safety;menu:m_033;menu:m_036,0.19047619047619047,0.19130566295799467,4.170977999820025,1.0,1.0,1.0,1.0,1.0,1.0,0.0
hybrid_rrf,pol_010,test,policy_paraphrase,"Tôi dị ứng nặng, thông tin thành phần trên menu có bảo đảm tuyệt đối không?",policy:allergen_safety,policy:allergen_safety;policy:ai_role;policy:cancel_order;policy:payment;policy:wifi;menu:m_033;menu:m_028;policy:opening_hours;menu:m_061;menu:m_053,0.23809523809523808,0.19130566295799467,6.419332001314615,1.0,1.0,1.0,1.0,1.0,1.0,1.0
hybrid_rrf,sem_002,test,semantic_paraphrase,Có thức uống mát nào vừa có cam vừa thơm mùi sả không?,menu:m_060,menu:m_060;menu:m_064;menu:m_039;menu:m_074;menu:m_059;menu:m_027;menu:m_089;menu:m_026;policy:payment;menu:m_091,0.23593073593073594,0.19130566295799467,4.947048999383696,1.0,1.0,1.0,1.0,1.0,1.0,1.0
hybrid_rrf,sem_003,test,semantic_paraphrase,Tìm giúp món chay dạng canh thanh mát có rau củ,menu:m_053,menu:m_053;menu:m_050;menu:m_031;menu:m_052;menu:m_056;menu:m_038;menu:m_055;menu:m_051;menu:m_068;policy:payment,0.2275132275132275,0.19130566295799467,4.032778999317088,1.0,1.0,1.0,1.0,1.0,1.0,1.0
hybrid_rrf,sem_004,test,semantic_paraphrase,Tôi muốn món chay dạng nước có vị sả ớt kiểu Huế,menu:m_056,menu:m_056;menu:m_027;menu:m_010;menu:m_050;menu:m_039;menu:m_038;menu:m_040;menu:m_031;menu:m_026;menu:m_053,0.23593073593073594,0.19130566295799467,4.138197999054682,1.0,1.0,1.0,1.0,1.0,1.0,1.0
hybrid_rrf,sem_006,test,semantic_paraphrase,Món sợi dai đặc sản Hội An ăn cùng thịt xá xíu,menu:m_044,menu:m_043;menu:m_044;menu:m_016;menu:m_047;menu:m_048;menu:m_046;menu:m_009;menu:m_059;menu:m_045;menu:m_070,0.22943722943722944,0.19130566295799467,4.518282001299667,0.0,1.0,1.0,1.0,0.5,0.6309297535714575,1.0
hybrid_rrf,sem_007,test,semantic_paraphrase,"Món gà nước thanh, mềm và phù hợp cho người lớn tuổi",menu:m_041,menu:m_041;menu:m_036;menu:m_038;menu:m_042;menu:m_039;menu:m_040;menu:m_009;policy:allergen_safety;menu:m_087;menu:m_068,0.2275132275132275,0.19130566295799467,3.9879010000731796,1.0,1.0,1.0,1.0,1.0,1.0,1.0
hybrid_rrf,sem_008,test,semantic_paraphrase,Hải sản sốt chua ngọt có thể ăn kèm bánh mì nóng,menu:m_025,menu:m_025;menu:m_033;menu:m_022;menu:m_026;menu:m_043;menu:m_004;menu:m_006;menu:m_054;menu:m_034;menu:m_023,0.23593073593073594,0.19130566295799467,4.413362999912351,1.0,1.0,1.0,1.0,1.0,1.0,1.0
hybrid_rrf,sem_009,test,semantic_paraphrase,Buổi tối muộn tôi muốn một món cháo nóng có lòng heo,menu:m_048,menu:m_073;menu:m_048;menu:m_021;menu:m_082;menu:m_039;menu:m_083;menu:m_028;menu:m_007;menu:m_053;menu:m_038,0.20222634508348794,0.19130566295799467,5.8098629997402895,0.0,1.0,1.0,1.0,0.5,0.6309297535714575,1.0
hybrid_rrf,sem_010,test,semantic_paraphrase,Tráng miệng lạnh có hạnh nhân và vải thiều,menu:m_071,menu:m_071;menu:m_075;menu:m_081;menu:m_073;menu:m_074;policy:ai_role;menu:m_076;policy:allergen_safety;menu:m_072;menu:m_077,0.22893772893772893,0.19130566295799467,5.041382000854355,1.0,1.0,1.0,1.0,1.0,1.0,1.0
hybrid_rrf,sem_012,test,semantic_paraphrase,Món gà chiên giòn vị nước mắm phù hợp cho trẻ em,menu:m_038,menu:m_038;menu:m_036;menu:m_040;menu:m_016;menu:m_041;menu:m_002;menu:m_051;menu:m_062;menu:m_009;menu:m_005,0.23593073593073594,0.19130566295799467,4.742711000290001,1.0,1.0,1.0,1.0,1.0,1.0,1.0
hybrid_rrf,sem_013,test,semantic_paraphrase,Nhóm tôi muốn ăn lẩu hoàn toàn không có thịt,menu:m_031,menu:m_034;menu:m_044;policy:ai_role;menu:m_030;policy:allergen_safety;menu:m_033;policy:payment;menu:m_029;menu:m_031;menu:m_047,0.21557971014492752,0.19130566295799467,4.934911001328146,0.0,0.0,0.0,0.0,0.1111111111111111,0.3010299956639812,1.0
hybrid_rrf,sem_014,test,semantic_paraphrase,Đi bốn người muốn ăn lẩu bò có vị chua dịu,menu:m_030,menu:m_030;menu:m_029;menu:m_034;menu:m_021;menu:m_033;policy:allergen_safety;menu:m_041;menu:m_044;menu:m_008;menu:m_031,0.22893772893772893,0.19130566295799467,4.760146999615245,1.0,1.0,1.0,1.0,1.0,1.0,1.0
hybrid_rrf,sem_015,test,semantic_paraphrase,Thức uống lên men bình dân đặc trưng Hà Nội,menu:m_088,menu:m_058;menu:m_088;menu:m_059;menu:m_049;menu:m_002;menu:m_011;menu:m_070;menu:m_090;menu:m_083;menu:m_006,0.22181818181818183,0.19130566295799467,3.737262999493396,0.0,1.0,1.0,1.0,0.5,0.6309297535714575,1.0
hybrid_rrf,sem_017,test,semantic_paraphrase,"Món cuốn không thịt có đậu hũ, rau thơm và bơ",menu:m_052,menu:m_052;menu:m_001;menu:m_050;menu:m_047;menu:m_054;menu:m_034;menu:m_004;menu:m_051;policy:allergen_safety;menu:m_021,0.23214285714285712,0.19130566295799467,4.087802999492851,1.0,1.0,1.0,1.0,1.0,1.0,1.0
hybrid_tfidf_embedding,category_cat_alcohol,test,category_intent,Gợi ý các món thuộc nhóm Bia & Rượu,menu:m_085;menu:m_086;menu:m_087;menu:m_088;menu:m_089;menu:m_090;menu:m_091,menu:m_086;menu:m_089;menu:m_087;menu:m_088;menu:m_085;menu:m_090;menu:m_091;menu:m_041;menu:m_014;menu:m_052,0.23395445134575568,0.2273929773929774,5.35117000072205,1.0,1.0,1.0,0.7142857142857143,1.0,1.0,1.0
hybrid_tfidf_embedding,category_cat_appetizer,test,category_intent,Gợi ý các món thuộc nhóm Khai vị,menu:m_001;menu:m_002;menu:m_003;menu:m_004;menu:m_005;menu:m_006;menu:m_007,menu:m_003;menu:m_041;menu:m_005;menu:m_001;menu:m_002;menu:m_014;menu:m_006;menu:m_004;menu:m_052;menu:m_034,0.20666666666666667,0.2273929773929774,4.360272998383152,1.0,1.0,1.0,0.5714285714285714,1.0,0.8153732461559126,0.0
hybrid_tfidf_embedding,category_cat_dessert,test,category_intent,Gợi ý các món thuộc nhóm Tráng miệng,menu:m_071;menu:m_072;menu:m_073;menu:m_074;menu:m_075;menu:m_076;menu:m_077,menu:m_073;menu:m_041;menu:m_077;menu:m_075;menu:m_076;menu:m_052;menu:m_014;menu:m_074;menu:m_034;menu:m_071,0.23214285714285712,0.2273929773929774,5.145349001395516,1.0,1.0,1.0,0.5714285714285714,1.0,0.8032048812839163,1.0
hybrid_tfidf_embedding,category_cat_drink,test,category_intent,Gợi ý các món thuộc nhóm Cà phê & Trà,menu:m_057;menu:m_058;menu:m_059;menu:m_060;menu:m_061;menu:m_062;menu:m_063,menu:m_063;menu:m_057;menu:m_058;menu:m_059;menu:m_060;menu:m_061;menu:m_062;menu:m_041;menu:m_052;menu:m_014,0.22893772893772893,0.2273929773929774,5.129175000547548,1.0,1.0,1.0,0.7142857142857143,1.0,1.0,1.0
hybrid_tfidf_embedding,category_cat_fruit,test,category_intent,Gợi ý các món thuộc nhóm Trái cây tươi,menu:m_078;menu:m_079;menu:m_080;menu:m_081;menu:m_082;menu:m_083;menu:m_084,menu:m_078;menu:m_081;menu:m_082;menu:m_079;menu:m_083;menu:m_080;menu:m_084;menu:m_052;menu:m_041;menu:m_014,0.23047619047619047,0.2273929773929774,4.554997000013827,1.0,1.0,1.0,0.7142857142857143,1.0,1.0,1.0
hybrid_tfidf_embedding,category_cat_hotpot,test,category_intent,Gợi ý các món thuộc nhóm Lẩu,menu:m_029;menu:m_030;menu:m_031;menu:m_032;menu:m_033;menu:m_034;menu:m_035,menu:m_041;menu:m_014;menu:m_035;menu:m_052;menu:m_034;menu:m_032;menu:m_029;menu:m_044;menu:m_030;menu:m_031,0.2163009404388715,0.2273929773929774,4.332491000241134,0.0,1.0,1.0,0.2857142857142857,0.3333333333333333,0.5955163178801942,0.0
hybrid_tfidf_embedding,category_cat_main,test,category_intent,Gợi ý các món thuộc nhóm Cơm Việt,menu:m_015;menu:m_016;menu:m_017;menu:m_018;menu:m_019;menu:m_020;menu:m_021,menu:m_019;menu:m_020;menu:m_017;menu:m_016;menu:m_018;menu:m_015;menu:m_021;menu:m_042;menu:m_041;menu:m_014,0.22893772893772893,0.2273929773929774,5.145369001184008,1.0,1.0,1.0,0.7142857142857143,1.0,1.0,1.0
hybrid_tfidf_embedding,category_cat_noodle,test,category_intent,Gợi ý các món thuộc nhóm Phở & Bún,menu:m_008;menu:m_009;menu:m_010;menu:m_011;menu:m_012;menu:m_013;menu:m_014,menu:m_014;menu:m_009;menu:m_011;menu:m_041;menu:m_052;menu:m_013;menu:m_010;menu:m_008;menu:m_012;menu:m_034,0.23809523809523808,0.2273929773929774,4.427404001035029,1.0,1.0,1.0,0.42857142857142855,1.0,0.944740375813847,1.0
hybrid_tfidf_embedding,category_cat_regional,test,category_intent,Gợi ý các món thuộc nhóm Đặc sản vùng miền,menu:m_043;menu:m_044;menu:m_045;menu:m_046;menu:m_047;menu:m_048;menu:m_049,menu:m_046;menu:m_043;menu:m_044;menu:m_045;menu:m_049;menu:m_048;menu:m_070;menu:m_041;menu:m_014;menu:m_052,0.2272727272727273,0.2273929773929774,5.6101400004990865,1.0,1.0,1.0,0.7142857142857143,1.0,0.9083745556952363,0.0
hybrid_tfidf_embedding,category_cat_seafood,test,category_intent,Gợi ý các món thuộc nhóm Hải sản,menu:m_022;menu:m_023;menu:m_024;menu:m_025;menu:m_026;menu:m_027;menu:m_028,menu:m_033;menu:m_041;menu:m_027;menu:m_023;menu:m_025;menu:m_052;menu:m_028;menu:m_026;menu:m_024;menu:m_022,0.23047619047619047,0.2273929773929774,4.638813999918057,0.0,1.0,1.0,0.42857142857142855,0.3333333333333333,0.702700013979709,1.0
hybrid_tfidf_embedding,exact_m_002,test,exact_name,Cho tôi thông tin về Nem rán Hà Nội,menu:m_002,menu:m_002;menu:m_086;menu:m_090;menu:m_058;menu:m_088;menu:m_011;menu:m_049;menu:m_014;policy:allergen_safety;menu:m_004,0.2275132275132275,0.2273929773929774,3.8867479997861665,1.0,1.0,1.0,1.0,1.0,1.0,1.0
hybrid_tfidf_embedding,exact_m_003,test,exact_name,Cho tôi thông tin về Bánh xèo miền Tây,menu:m_003,menu:m_003;menu:m_023;menu:m_035;menu:m_013;menu:m_047;menu:m_043;menu:m_045;menu:m_061;policy:allergen_safety;policy:ordering_scope,0.23809523809523808,0.2273929773929774,4.7126959998422535,1.0,1.0,1.0,1.0,1.0,1.0,1.0
hybrid_tfidf_embedding,exact_m_005,test,exact_name,Cho tôi thông tin về Gỏi xoài tôm sú,menu:m_005,menu:m_005;menu:m_024;menu:m_077;policy:allergen_safety;menu:m_001;policy:ordering_scope;menu:m_079;menu:m_067;menu:m_043;menu:m_022,0.20970695970695968,0.2273929773929774,4.165107999142492,1.0,1.0,1.0,1.0,1.0,1.0,0.0
hybrid_tfidf_embedding,exact_m_010,test,exact_name,Cho tôi thông tin về Bún bò Huế,menu:m_010,menu:m_010;menu:m_056;menu:m_008;menu:m_020;menu:m_021;menu:m_030;policy:allergen_safety;menu:m_028;menu:m_052;menu:m_011,0.23809523809523808,0.2273929773929774,3.9321570002357475,1.0,1.0,1.0,1.0,1.0,1.0,1.0
hybrid_tfidf_embedding,exact_m_011,test,exact_name,Cho tôi thông tin về Bún chả Hà Nội,menu:m_011,menu:m_011;menu:m_014;menu:m_090;menu:m_049;menu:m_086;menu:m_088;menu:m_058;menu:m_002;menu:m_015;policy:allergen_safety,0.22619047619047616,0.2273929773929774,4.135653998673661,1.0,1.0,1.0,1.0,1.0,1.0,0.0
hybrid_tfidf_embedding,exact_m_014,test,exact_name,Cho tôi thông tin về Bún đậu mắm tôm,menu:m_014,menu:m_014;menu:m_013;menu:m_005;policy:allergen_safety;menu:m_001;menu:m_038;menu:m_019;policy:ordering_scope;menu:m_043;menu:m_024,0.2161172161172161,0.2273929773929774,5.0899549987661885,1.0,1.0,1.0,1.0,1.0,1.0,0.0
hybrid_tfidf_embedding,exact_m_018,test,exact_name,Cho tôi thông tin về Cơm cá kho tộ,menu:m_018,menu:m_018;menu:m_019;policy:allergen_safety;menu:m_021;policy:ordering_scope;menu:m_053;menu:m_051;menu:m_020;menu:m_016;menu:m_057,0.23395445134575568,0.2273929773929774,5.041722000896698,1.0,1.0,1.0,1.0,1.0,1.0,1.0
hybrid_tfidf_embedding,exact_m_019,test,exact_name,Cho tôi thông tin về Cơm chiên Sài Gòn,menu:m_019,menu:m_019;menu:m_070;menu:m_015;menu:m_048;menu:m_085;menu:m_051;menu:m_059;menu:m_006;menu:m_038;menu:m_021,0.23809523809523808,0.2273929773929774,4.826777998459875,1.0,1.0,1.0,1.0,1.0,1.0,1.0
hybrid_tfidf_embedding,exact_m_021,test,exact_name,Cho tôi thông tin về Cơm bò lúc lắc,menu:m_021,menu:m_021;menu:m_008;menu:m_030;policy:allergen_safety;menu:m_028;menu:m_019;menu:m_016;policy:ordering_scope;menu:m_010;menu:m_020,0.23395445134575568,0.2273929773929774,3.896333000739105,1.0,1.0,1.0,1.0,1.0,1.0,1.0
hybrid_tfidf_embedding,exact_m_022,test,exact_name,Cho tôi thông tin về Tôm hùm nướng mỡ hành,menu:m_022,menu:m_022;menu:m_024;menu:m_049;policy:allergen_safety;menu:m_043;policy:ordering_scope;menu:m_076;menu:m_036;menu:m_023;policy:opening_hours,0.23809523809523808,0.2273929773929774,4.645504001018708,1.0,1.0,1.0,1.0,1.0,1.0,1.0
hybrid_tfidf_embedding,exact_m_023,test,exact_name,Cho tôi thông tin về Cá lóc nướng trui,menu:m_023,menu:m_023;menu:m_076;menu:m_036;policy:allergen_safety;policy:ordering_scope;menu:m_079;menu:m_040;menu:m_067;menu:m_017;menu:m_057,0.23809523809523808,0.2273929773929774,4.63673999911407,1.0,1.0,1.0,1.0,1.0,1.0,1.0
hybrid_tfidf_embedding,exact_m_024,test,exact_name,Cho tôi thông tin về Tôm rang muối Tây Ninh,menu:m_024,menu:m_024;menu:m_040;menu:m_003;policy:allergen_safety;menu:m_013;menu:m_028;menu:m_035;policy:ordering_scope;menu:m_005;menu:m_061,0.23809523809523808,0.2273929773929774,4.387534001580207,1.0,1.0,1.0,1.0,1.0,1.0,1.0
hybrid_tfidf_embedding,exact_m_025,test,exact_name,Cho tôi thông tin về Cua rang me,menu:m_025,menu:m_025;policy:allergen_safety;menu:m_028;menu:m_012;policy:ordering_scope;menu:m_024;menu:m_007;menu:m_076;menu:m_029;menu:m_010,0.23809523809523808,0.2273929773929774,4.064126000230317,1.0,1.0,1.0,1.0,1.0,1.0,1.0
hybrid_tfidf_embedding,exact_m_026,test,exact_name,Cho tôi thông tin về Mực xào sa tế,menu:m_026,menu:m_026;policy:allergen_safety;menu:m_027;menu:m_039;menu:m_074;policy:ordering_scope;menu:m_060;menu:m_033;menu:m_028;menu:m_020,0.2161172161172161,0.2273929773929774,4.203526999845053,1.0,1.0,1.0,1.0,1.0,1.0,0.0
hybrid_tfidf_embedding,exact_m_027,test,exact_name,Cho tôi thông tin về Nghêu hấp sả,menu:m_027,menu:m_027;menu:m_037;menu:m_039;policy:allergen_safety;menu:m_074;policy:ordering_scope;menu:m_060;menu:m_028;menu:m_026;menu:m_038,0.20802005012531327,0.2273929773929774,5.470890000651707,1.0,1.0,1.0,1.0,1.0,1.0,0.0
hybrid_tfidf_embedding,exact_m_028,test,exact_name,Cho tôi thông tin về Ốc hương rang bơ tỏi,menu:m_028,menu:m_028;menu:m_024;menu:m_021;menu:m_025;menu:m_038;policy:allergen_safety;policy:ordering_scope;menu:m_031;menu:m_007;menu:m_019,0.23809523809523808,0.2273929773929774,4.526823999185581,1.0,1.0,1.0,1.0,1.0,1.0,1.0
hybrid_tfidf_embedding,exact_m_029,test,exact_name,Cho tôi thông tin về Lẩu chua cá lăng,menu:m_029,menu:m_029;menu:m_035;menu:m_033;policy:allergen_safety;policy:ordering_scope;menu:m_057;menu:m_031;menu:m_054;menu:m_028;menu:m_030,0.23809523809523808,0.2273929773929774,5.194493000090006,1.0,1.0,1.0,1.0,1.0,1.0,1.0
hybrid_tfidf_embedding,exact_m_030,test,exact_name,Cho tôi thông tin về Lẩu bò nhúng giấm,menu:m_030,menu:m_030;menu:m_021;menu:m_034;menu:m_008;menu:m_035;policy:allergen_safety;menu:m_028;menu:m_029;policy:ordering_scope;menu:m_032,0.23593073593073594,0.2273929773929774,5.605132999335183,1.0,1.0,1.0,1.0,1.0,1.0,1.0
hybrid_tfidf_embedding,exact_m_031,test,exact_name,Cho tôi thông tin về Lẩu nấm chay,menu:m_031,menu:m_031;menu:m_050;menu:m_056;menu:m_053;menu:m_055;policy:allergen_safety;menu:m_052;menu:m_029;menu:m_051;menu:m_035,0.23593073593073594,0.2273929773929774,5.2831160010100575,1.0,1.0,1.0,1.0,1.0,1.0,1.0
hybrid_tfidf_embedding,exact_m_032,test,exact_name,Cho tôi thông tin về Lẩu gà lá é Đà Lạt,menu:m_032,menu:m_032;menu:m_038;menu:m_069;menu:m_035;menu:m_009;policy:allergen_safety;menu:m_037;menu:m_031;menu:m_036;policy:ordering_scope,0.22619047619047616,0.2273929773929774,4.369618000055198,1.0,1.0,1.0,1.0,1.0,1.0,0.0
hybrid_tfidf_embedding,exact_m_033,test,exact_name,Cho tôi thông tin về Lẩu hải sản chua cay,menu:m_033,menu:m_033;menu:m_026;menu:m_028;menu:m_029;menu:m_024;menu:m_025;policy:allergen_safety;menu:m_027;menu:m_023;menu:m_022,0.23047619047619047,0.2273929773929774,4.794358999788528,1.0,1.0,1.0,1.0,1.0,1.0,1.0
hybrid_tfidf_embedding,exact_m_034,test,exact_name,Cho tôi thông tin về Lẩu dê thuốc bắc,menu:m_034,menu:m_034;menu:m_041;menu:m_029;menu:m_035;menu:m_030;policy:allergen_safety;menu:m_032;policy:ordering_scope;menu:m_031;menu:m_044,0.23809523809523808,0.2273929773929774,4.848219999985304,1.0,1.0,1.0,1.0,1.0,1.0,1.0
hybrid_tfidf_embedding,exact_m_035,test,exact_name,Cho tôi thông tin về Lẩu mắm miền Tây,menu:m_035,menu:m_035;menu:m_013;menu:m_003;menu:m_023;menu:m_082;menu:m_044;menu:m_032;menu:m_061;policy:allergen_safety;policy:ordering_scope,0.23809523809523808,0.2273929773929774,5.8174129990220536,1.0,1.0,1.0,1.0,1.0,1.0,1.0
hybrid_tfidf_embedding,exact_m_036,test,exact_name,Cho tôi thông tin về Gà nướng mật ong,menu:m_036,menu:m_036;menu:m_040;menu:m_084;menu:m_091;menu:m_076;menu:m_015;menu:m_038;menu:m_023;policy:allergen_safety;menu:m_017,0.23809523809523808,0.2273929773929774,4.408865999721456,1.0,1.0,1.0,1.0,1.0,1.0,1.0
hybrid_tfidf_embedding,exact_m_038,test,exact_name,Cho tôi thông tin về Cánh gà chiên nước mắm,menu:m_038,menu:m_038;menu:m_016;menu:m_019;menu:m_009;policy:allergen_safety;menu:m_002;menu:m_051;menu:m_003;policy:ordering_scope;menu:m_041,0.22893772893772893,0.2273929773929774,4.960198999469867,1.0,1.0,1.0,1.0,1.0,1.0,1.0
hybrid_tfidf_embedding,exact_m_039,test,exact_name,Cho tôi thông tin về Gà xào sả ớt,menu:m_039,menu:m_039;menu:m_026;menu:m_027;menu:m_038;menu:m_040;menu:m_056;policy:allergen_safety;menu:m_024;menu:m_010;menu:m_036,0.23593073593073594,0.2273929773929774,5.475435998960165,1.0,1.0,1.0,1.0,1.0,1.0,1.0
hybrid_tfidf_embedding,exact_m_041,test,exact_name,Cho tôi thông tin về Gà tiềm thuốc bắc,menu:m_041,menu:m_041;policy:allergen_safety;menu:m_038;menu:m_009;menu:m_034;policy:ordering_scope;menu:m_028;menu:m_049;menu:m_036;menu:m_016,0.23809523809523808,0.2273929773929774,4.6345869996002875,1.0,1.0,1.0,1.0,1.0,1.0,1.0
hybrid_tfidf_embedding,exact_m_042,test,exact_name,Cho tôi thông tin về Gà rô ti kiểu Việt,menu:m_042,menu:m_042;menu:m_016;menu:m_019;menu:m_038;policy:allergen_safety;menu:m_033;policy:ordering_scope;menu:m_009;menu:m_021;menu:m_032,0.22495894909688013,0.2273929773929774,4.100601001482573,1.0,1.0,1.0,1.0,1.0,1.0,0.0
hybrid_tfidf_embedding,exact_m_043,test,exact_name,Cho tôi thông tin về Mì Quảng tôm thịt,menu:m_043,menu:m_043;menu:m_001;menu:m_003;menu:m_046;menu:m_055;policy:allergen_safety;menu:m_024;menu:m_019;menu:m_034;policy:ordering_scope,0.23809523809523808,0.2273929773929774,4.2255899988958845,1.0,1.0,1.0,1.0,1.0,1.0,1.0
hybrid_tfidf_embedding,exact_m_044,test,exact_name,Cho tôi thông tin về Cao lầu Hội An,menu:m_044,menu:m_044;menu:m_016;menu:m_032;policy:allergen_safety;menu:m_088;menu:m_035;menu:m_048;policy:ordering_scope;menu:m_030;menu:m_034,0.23809523809523808,0.2273929773929774,4.120351000892697,1.0,1.0,1.0,1.0,1.0,1.0,1.0
hybrid_tfidf_embedding,exact_m_045,test,exact_name,Cho tôi thông tin về Bê thui Cầu Mống,menu:m_045,menu:m_045;policy:parking;policy:allergen_safety;policy:ordering_scope;menu:m_028;menu:m_089;menu:m_085;menu:m_004;menu:m_061;menu:m_001,0.23809523809523808,0.2273929773929774,4.6747779997531325,1.0,1.0,1.0,1.0,1.0,1.0,1.0
hybrid_tfidf_embedding,exact_m_046,test,exact_name,Cho tôi thông tin về Hủ tiếu Nam Vang,menu:m_046,menu:m_046;policy:allergen_safety;menu:m_050;policy:ordering_scope;menu:m_055;menu:m_028;menu:m_031;menu:m_037;menu:m_056;menu:m_018,0.23395445134575568,0.2273929773929774,5.670811000527465,1.0,1.0,1.0,1.0,1.0,1.0,1.0
hybrid_tfidf_embedding,exact_m_047,test,exact_name,Cho tôi thông tin về Bánh tráng cuốn thịt heo,menu:m_047,menu:m_047;menu:m_001;menu:m_043;menu:m_045;menu:m_004;menu:m_023;menu:m_003;policy:allergen_safety;menu:m_076;menu:m_017,0.23809523809523808,0.2273929773929774,5.357959998946171,1.0,1.0,1.0,1.0,1.0,1.0,1.0
hybrid_tfidf_embedding,exact_m_048,test,exact_name,Cho tôi thông tin về Cháo lòng Sài Gòn,menu:m_048,menu:m_048;menu:m_085;menu:m_059;menu:m_070;menu:m_015;menu:m_006;menu:m_019;menu:m_083;policy:allergen_safety;policy:ordering_scope,0.23809523809523808,0.2273929773929774,4.338329999882262,1.0,1.0,1.0,1.0,1.0,1.0,1.0
hybrid_tfidf_embedding,exact_m_050,test,exact_name,Cho tôi thông tin về Phở chay nấm đông cô,menu:m_050,menu:m_050;menu:m_053;menu:m_031;menu:m_056;policy:allergen_safety;menu:m_052;menu:m_055;menu:m_009;menu:m_051;policy:ordering_scope,0.23593073593073594,0.2273929773929774,4.264408000381081,1.0,1.0,1.0,1.0,1.0,1.0,1.0
hybrid_tfidf_embedding,exact_m_051,test,exact_name,Cho tôi thông tin về Cơm chiên chay ngũ sắc,menu:m_051,menu:m_051;menu:m_019;menu:m_038;menu:m_022;policy:allergen_safety;menu:m_021;menu:m_017;policy:ordering_scope;menu:m_052;menu:m_054,0.22619047619047616,0.2273929773929774,5.206391000683652,1.0,1.0,1.0,1.0,1.0,1.0,0.0
hybrid_tfidf_embedding,exact_m_052,test,exact_name,Cho tôi thông tin về Gỏi cuốn chay,menu:m_052,menu:m_052;policy:allergen_safety;menu:m_001;menu:m_050;policy:ordering_scope;menu:m_053;menu:m_056;menu:m_055;menu:m_003;menu:m_047,0.22172619047619047,0.2273929773929774,4.126609999730135,1.0,1.0,1.0,1.0,1.0,1.0,0.0
hybrid_tfidf_embedding,exact_m_053,test,exact_name,Cho tôi thông tin về Canh khổ qua nhồi nấm,menu:m_053,menu:m_053;menu:m_038;menu:m_031;menu:m_050;policy:allergen_safety;menu:m_018;policy:ordering_scope;menu:m_046;menu:m_028;menu:m_056,0.23809523809523808,0.2273929773929774,4.780428000231041,1.0,1.0,1.0,1.0,1.0,1.0,1.0
hybrid_tfidf_embedding,exact_m_054,test,exact_name,Cho tôi thông tin về Đậu hũ sốt cà chua,menu:m_054,menu:m_054;menu:m_012;menu:m_052;menu:m_014;menu:m_056;policy:allergen_safety;menu:m_051;menu:m_050;menu:m_055;menu:m_005,0.23809523809523808,0.2273929773929774,5.024636000598548,1.0,1.0,1.0,1.0,1.0,1.0,1.0
hybrid_tfidf_embedding,exact_m_056,test,exact_name,Cho tôi thông tin về Bún chay Huế,menu:m_056,menu:m_056;menu:m_010;menu:m_020;menu:m_052;policy:allergen_safety;menu:m_050;policy:ordering_scope;menu:m_031;menu:m_028;menu:m_055,0.23593073593073594,0.2273929773929774,4.149966000113636,1.0,1.0,1.0,1.0,1.0,1.0,1.0
hybrid_tfidf_embedding,exact_m_057,test,exact_name,Cho tôi thông tin về Cà phê sữa đá,menu:m_057,menu:m_057;menu:m_063;menu:m_058;menu:m_059;menu:m_062;menu:m_061;menu:m_060;menu:m_069;menu:m_067;policy:allergen_safety,0.23809523809523808,0.2273929773929774,3.994981998403091,1.0,1.0,1.0,1.0,1.0,1.0,1.0
hybrid_tfidf_embedding,exact_m_060,test,exact_name,Cho tôi thông tin về Trà đào cam sả,menu:m_060,menu:m_060;menu:m_061;menu:m_091;policy:allergen_safety;menu:m_089;menu:m_062;policy:ordering_scope;menu:m_057;menu:m_027;menu:m_074,0.23809523809523808,0.2273929773929774,4.507486999500543,1.0,1.0,1.0,1.0,1.0,1.0,1.0
hybrid_tfidf_embedding,exact_m_061,test,exact_name,Cho tôi thông tin về Trà sen Tây Hồ,menu:m_061,menu:m_061;menu:m_060;menu:m_057;menu:m_062;policy:allergen_safety;policy:ordering_scope;menu:m_024;menu:m_035;policy:reservation;menu:m_013,0.23809523809523808,0.2273929773929774,3.9310850006586406,1.0,1.0,1.0,1.0,1.0,1.0,1.0
hybrid_tfidf_embedding,exact_m_062,test,exact_name,Cho tôi thông tin về Trà sữa trân châu,menu:m_062,menu:m_062;menu:m_057;menu:m_059;menu:m_061;menu:m_060;policy:allergen_safety;menu:m_028;policy:ordering_scope;menu:m_067;menu:m_063,0.23809523809523808,0.2273929773929774,3.766998001083266,1.0,1.0,1.0,1.0,1.0,1.0,1.0
hybrid_tfidf_embedding,exact_m_063,test,exact_name,Cho tôi thông tin về Cà phê dừa,menu:m_063,menu:m_063;menu:m_057;menu:m_058;menu:m_059;menu:m_061;menu:m_060;policy:allergen_safety;menu:m_062;menu:m_018;policy:ordering_scope,0.23809523809523808,0.2273929773929774,3.764664001209894,1.0,1.0,1.0,1.0,1.0,1.0,1.0
hybrid_tfidf_embedding,exact_m_065,test,exact_name,Cho tôi thông tin về Sinh tố bơ Đắk Lắk,menu:m_065,menu:m_065;menu:m_067;menu:m_069;menu:m_068;menu:m_028;menu:m_064;policy:allergen_safety;menu:m_066;menu:m_021;policy:ordering_scope,0.23593073593073594,0.2273929773929774,5.401414999141707,1.0,1.0,1.0,1.0,1.0,1.0,1.0
hybrid_tfidf_embedding,exact_m_066,test,exact_name,Cho tôi thông tin về Nước ép dưa hấu,menu:m_066,menu:m_066;menu:m_064;menu:m_081;menu:m_068;menu:m_067;menu:m_070;policy:allergen_safety;menu:m_065;menu:m_069;policy:ordering_scope,0.23593073593073594,0.2273929773929774,4.164727999523166,1.0,1.0,1.0,1.0,1.0,1.0,1.0
hybrid_tfidf_embedding,exact_m_067,test,exact_name,Cho tôi thông tin về Sinh tố xoài Hòa Lộc,menu:m_067,menu:m_079;menu:m_067;menu:m_069;menu:m_065;menu:m_068;menu:m_066;policy:allergen_safety;menu:m_077;menu:m_064;menu:m_023,0.22348484848484848,0.2273929773929774,4.809360998478951,0.0,1.0,1.0,1.0,0.5,0.6309297535714575,0.0
hybrid_tfidf_embedding,exact_m_068,test,exact_name,Cho tôi thông tin về Nước rau má,menu:m_068,menu:m_068;menu:m_028;menu:m_038;policy:allergen_safety;menu:m_021;policy:ordering_scope;menu:m_019;menu:m_056;menu:m_031;menu:m_055,0.22893772893772893,0.2273929773929774,4.250236999723711,1.0,1.0,1.0,1.0,1.0,1.0,1.0
hybrid_tfidf_embedding,exact_m_069,test,exact_name,Cho tôi thông tin về Sinh tố dâu tây Đà Lạt,menu:m_069,menu:m_069;menu:m_067;menu:m_065;menu:m_032;menu:m_068;policy:allergen_safety;menu:m_070;menu:m_066;policy:parking;menu:m_064,0.23809523809523808,0.2273929773929774,4.073599999173894,1.0,1.0,1.0,1.0,1.0,1.0,1.0
hybrid_tfidf_embedding,exact_m_071,test,exact_name,Cho tôi thông tin về Chè khúc bạch,menu:m_071,menu:m_071;menu:m_075;menu:m_073;policy:allergen_safety;policy:ordering_scope;menu:m_028;policy:parking;menu:m_038;menu:m_019;menu:m_089,0.21088435374149658,0.2273929773929774,4.330416999437148,1.0,1.0,1.0,1.0,1.0,1.0,0.0
hybrid_tfidf_embedding,exact_m_072,test,exact_name,Cho tôi thông tin về Bánh flan caramel,menu:m_072,menu:m_072;menu:m_076;menu:m_038;menu:m_047;menu:m_004;policy:allergen_safety;menu:m_028;policy:ordering_scope;menu:m_006;menu:m_024,0.23809523809523808,0.2273929773929774,4.995893001250806,1.0,1.0,1.0,1.0,1.0,1.0,1.0
hybrid_tfidf_embedding,exact_m_073,test,exact_name,Cho tôi thông tin về Chè bưởi,menu:m_073,menu:m_073;menu:m_075;menu:m_082;policy:allergen_safety;menu:m_071;policy:ordering_scope;menu:m_038;menu:m_028;policy:parking;menu:m_019,0.2113095238095238,0.2273929773929774,4.197087000648025,1.0,1.0,1.0,1.0,1.0,1.0,0.0
hybrid_tfidf_embedding,exact_m_076,test,exact_name,Cho tôi thông tin về Bánh chuối nướng,menu:m_076,menu:m_076;menu:m_023;menu:m_036;menu:m_040;policy:allergen_safety;menu:m_017;menu:m_043;policy:ordering_scope;menu:m_004;menu:m_072,0.23809523809523808,0.2273929773929774,4.284628999812412,1.0,1.0,1.0,1.0,1.0,1.0,1.0
hybrid_tfidf_embedding,exact_m_077,test,exact_name,Cho tôi thông tin về Xôi xoài,menu:m_077,menu:m_077;menu:m_049;menu:m_079;policy:allergen_safety;menu:m_067;policy:ordering_scope;menu:m_005;menu:m_028;menu:m_038;policy:parking,0.22172619047619047,0.2273929773929774,4.456218000996159,1.0,1.0,1.0,1.0,1.0,1.0,0.0
hybrid_tfidf_embedding,exact_m_078,test,exact_name,Cho tôi thông tin về Đĩa trái cây theo mùa,menu:m_078,menu:m_078;menu:m_081;menu:m_082;menu:m_079;policy:allergen_safety;menu:m_080;menu:m_083;menu:m_084;menu:m_066;policy:ordering_scope,0.23809523809523808,0.2273929773929774,4.549147999568959,1.0,1.0,1.0,1.0,1.0,1.0,1.0
hybrid_tfidf_embedding,exact_m_079,test,exact_name,Cho tôi thông tin về Xoài cát Hòa Lộc,menu:m_079,menu:m_079;menu:m_067;menu:m_023;menu:m_077;policy:allergen_safety;menu:m_038;policy:ordering_scope;menu:m_017;menu:m_011;menu:m_005,0.23809523809523808,0.2273929773929774,4.737892999401083,1.0,1.0,1.0,1.0,1.0,1.0,1.0
hybrid_tfidf_embedding,exact_m_080,test,exact_name,Cho tôi thông tin về Sầu riêng Ri6,menu:m_080,menu:m_080;policy:allergen_safety;policy:ordering_scope;policy:parking;menu:m_028;menu:m_085;policy:cancel_order;menu:m_038;menu:m_019;menu:m_089,0.23809523809523808,0.2273929773929774,3.982553000241751,1.0,1.0,1.0,1.0,1.0,1.0,1.0
hybrid_tfidf_embedding,exact_m_081,test,exact_name,Cho tôi thông tin về Dưa hấu lạnh,menu:m_081,menu:m_081;menu:m_066;menu:m_057;menu:m_074;menu:m_063;policy:allergen_safety;policy:ordering_scope;menu:m_071;menu:m_038;menu:m_028,0.23047619047619047,0.2273929773929774,4.701627998656477,1.0,1.0,1.0,1.0,1.0,1.0,1.0
hybrid_tfidf_embedding,exact_m_082,test,exact_name,Cho tôi thông tin về Bưởi da xanh Bến Tre,menu:m_082,menu:m_082;menu:m_073;menu:m_040;menu:m_038;policy:allergen_safety;policy:ordering_scope;menu:m_075;menu:m_057;menu:m_021;menu:m_062,0.23809523809523808,0.2273929773929774,4.669269001169596,1.0,1.0,1.0,1.0,1.0,1.0,1.0
hybrid_tfidf_embedding,exact_m_083,test,exact_name,Cho tôi thông tin về Thanh long Bình Thuận,menu:m_083,menu:m_083;menu:m_048;policy:allergen_safety;menu:m_061;menu:m_070;policy:ordering_scope;policy:payment;menu:m_088;menu:m_006;menu:m_028,0.23214285714285712,0.2273929773929774,5.6369810008618515,1.0,1.0,1.0,1.0,1.0,1.0,1.0
hybrid_tfidf_embedding,exact_m_084,test,exact_name,Cho tôi thông tin về Đu đủ chín mật ong,menu:m_084,menu:m_084;menu:m_036;menu:m_091;policy:allergen_safety;menu:m_077;menu:m_028;menu:m_015;menu:m_079;policy:ordering_scope;menu:m_038,0.23809523809523808,0.2273929773929774,4.8784259997773916,1.0,1.0,1.0,1.0,1.0,1.0,1.0
hybrid_tfidf_embedding,exact_m_086,test,exact_name,Cho tôi thông tin về Bia Hà Nội,menu:m_086,menu:m_086;menu:m_088;menu:m_090;menu:m_085;menu:m_049;menu:m_011;menu:m_002;menu:m_058;policy:allergen_safety;menu:m_087,0.23593073593073594,0.2273929773929774,4.845266001211712,1.0,1.0,1.0,1.0,1.0,1.0,1.0
hybrid_tfidf_embedding,exact_m_087,test,exact_name,Cho tôi thông tin về Bia Tiger Crystal,menu:m_087,menu:m_087;menu:m_085;menu:m_086;menu:m_088;menu:m_089;policy:allergen_safety;policy:ordering_scope;menu:m_091;menu:m_090;menu:m_028,0.23809523809523808,0.2273929773929774,4.456288001165376,1.0,1.0,1.0,1.0,1.0,1.0,1.0
hybrid_tfidf_embedding,exact_m_088,test,exact_name,Cho tôi thông tin về Bia hơi Hà Nội,menu:m_088,menu:m_088;menu:m_086;menu:m_090;menu:m_049;menu:m_085;menu:m_011;menu:m_058;menu:m_002;policy:allergen_safety;menu:m_087,0.23047619047619047,0.2273929773929774,4.689871000664425,1.0,1.0,1.0,1.0,1.0,1.0,1.0
hybrid_tfidf_embedding,exact_m_091,test,exact_name,Cho tôi thông tin về Cocktail chanh đào mật ong,menu:m_091,menu:m_091;menu:m_084;menu:m_036;menu:m_037;menu:m_060;policy:allergen_safety;menu:m_024;menu:m_028;policy:ordering_scope;menu:m_089,0.23809523809523808,0.2273929773929774,5.085859000246273,1.0,1.0,1.0,1.0,1.0,1.0,1.0
hybrid_tfidf_embedding,multi_001,test,multi_intent,Quán có WiFi không và cho tôi xem phở bò tái nạm,policy:wifi;menu:m_008,policy:wifi;menu:m_008;policy:parking;menu:m_050;menu:m_028;menu:m_031;menu:m_021;menu:m_009;policy:ai_role;menu:m_053,0.22943722943722944,0.2273929773929774,5.787738000435638,1.0,1.0,1.0,1.0,1.0,1.0,1.0
hybrid_tfidf_embedding,multi_002,test,multi_intent,"Thanh toán bằng VietQR thế nào, và quán có cơm chay không?",policy:payment;menu:m_051,policy:payment;policy:wifi;policy:ai_role;policy:allergen_safety;menu:m_019;menu:m_050;menu:m_051;menu:m_017;menu:m_053;menu:m_020,0.23809523809523808,0.2273929773929774,4.898455999864382,1.0,1.0,1.0,0.5,1.0,0.8175295903539445,1.0
hybrid_tfidf_embedding,multi_003,test,multi_intent,Tôi đậu ô tô ở đâu và có bia Hà Nội không?,policy:parking;menu:m_086,policy:parking;menu:m_088;menu:m_058;menu:m_090;menu:m_011;menu:m_086;menu:m_049;menu:m_014;menu:m_002;policy:allergen_safety,0.23593073593073594,0.2273929773929774,5.339691999324714,1.0,1.0,1.0,0.5,1.0,0.8315546295836225,1.0
hybrid_tfidf_embedding,multi_004,test,multi_intent,Quán mở đến mấy giờ và còn trà sen Tây Hồ chứ?,policy:opening_hours;menu:m_061,menu:m_061;policy:opening_hours;menu:m_062;menu:m_058;policy:reservation;menu:m_060;policy:availability;policy:ai_role;menu:m_022;menu:m_090,0.23593073593073594,0.2273929773929774,5.422528000053717,1.0,1.0,1.0,1.0,1.0,1.0,1.0
hybrid_tfidf_embedding,neg_003,test,hard_negative,Giá cổ phiếu hôm nay tăng hay giảm?,,policy:availability;menu:m_046;menu:m_030;menu:m_041;menu:m_003;menu:m_050;menu:m_048;policy:wifi;policy:cancel_order;menu:m_014,0.23809523809523808,0.2273929773929774,4.692725000495557,,,,,,,0.0
hybrid_tfidf_embedding,neg_004,test,hard_negative,Giải phương trình bậc hai giúp tôi,,,0.2121212121212121,0.2273929773929774,4.011076000097091,,,,,,,1.0
hybrid_tfidf_embedding,neg_005,test,hard_negative,Đội bóng nào vô địch mùa này?,,,0.2072463768115942,0.2273929773929774,3.801640001256601,,,,,,,1.0
hybrid_tfidf_embedding,neg_006,test,hard_negative,Có nên mua bitcoin bây giờ không?,,,0.19523809523809524,0.2273929773929774,3.948030998799368,,,,,,,1.0
hybrid_tfidf_embedding,neg_007,test,hard_negative,Làm bài tập lịch sử cho tôi,,,0.19047619047619047,0.2273929773929774,4.161632999966969,,,,,,,1.0
hybrid_tfidf_embedding,neg_008,test,hard_negative,Tóm tắt tin tức quốc tế mới nhất,,,0.2006861063464837,0.2273929773929774,4.381094999189372,,,,,,,1.0
hybrid_tfidf_embedding,nodia_m_002,test,no_diacritic,quan co nem ran ha noi khong,menu:m_002,menu:m_002;menu:m_090;menu:m_086;menu:m_058;menu:m_011;menu:m_088;menu:m_049;menu:m_014;policy:wifi;menu:m_004,0.2275132275132275,0.2273929773929774,3.925486000298406,1.0,1.0,1.0,1.0,1.0,1.0,1.0
hybrid_tfidf_embedding,nodia_m_003,test,no_diacritic,quan co banh xeo mien tay khong,menu:m_003,menu:m_003;policy:wifi;menu:m_013;menu:m_082;menu:m_035;menu:m_023;menu:m_043;menu:m_076;menu:m_047;policy:allergen_safety,0.19047619047619047,0.2273929773929774,8.698583000295912,1.0,1.0,1.0,1.0,1.0,1.0,0.0
hybrid_tfidf_embedding,nodia_m_005,test,no_diacritic,quan co goi xoai tom su khong,menu:m_005,menu:m_005;menu:m_077;policy:wifi;menu:m_024;menu:m_079;policy:allergen_safety;menu:m_014;menu:m_052;menu:m_033;menu:m_001,0.19047619047619047,0.2273929773929774,4.673946999901091,1.0,1.0,1.0,1.0,1.0,1.0,0.0
hybrid_tfidf_embedding,nodia_m_010,test,no_diacritic,quan co bun bo hue khong,menu:m_010,menu:m_010;policy:wifi;menu:m_011;menu:m_056;menu:m_014;menu:m_020;menu:m_008;menu:m_052;menu:m_030;menu:m_021,0.2113095238095238,0.2273929773929774,3.4549359988886863,1.0,1.0,1.0,1.0,1.0,1.0,0.0
hybrid_tfidf_embedding,nodia_m_011,test,no_diacritic,quan co bun cha ha noi khong,menu:m_011,menu:m_011;menu:m_014;menu:m_058;menu:m_086;menu:m_002;menu:m_090;menu:m_049;menu:m_088;policy:wifi;menu:m_004,0.23395445134575568,0.2273929773929774,4.372672001409228,1.0,1.0,1.0,1.0,1.0,1.0,1.0
hybrid_tfidf_embedding,nodia_m_014,test,no_diacritic,quan co bun dau mam tom khong,menu:m_014,menu:m_014;menu:m_011;menu:m_013;policy:wifi;menu:m_001;menu:m_005;menu:m_043;menu:m_033;policy:allergen_safety;menu:m_052,0.23214285714285712,0.2273929773929774,5.175905000214698,1.0,1.0,1.0,1.0,1.0,1.0,1.0
hybrid_tfidf_embedding,nodia_m_018,test,no_diacritic,quan co com ca kho to khong,menu:m_018,menu:m_018;menu:m_019;policy:wifi;menu:m_017;menu:m_053;menu:m_051;menu:m_016;menu:m_020;policy:allergen_safety;menu:m_064,0.19047619047619047,0.2273929773929774,3.727387000253657,1.0,1.0,1.0,1.0,1.0,1.0,0.0
hybrid_tfidf_embedding,nodia_m_019,test,no_diacritic,quan co com chien sai gon khong,menu:m_019,menu:m_070;menu:m_059;menu:m_019;menu:m_015;menu:m_006;menu:m_051;menu:m_014;menu:m_048;menu:m_038;menu:m_085,0.20962732919254656,0.2273929773929774,4.591543000060483,0.0,1.0,1.0,1.0,0.3333333333333333,0.5,0.0
hybrid_tfidf_embedding,nodia_m_021,test,no_diacritic,quan co com bo luc lac khong,menu:m_021,menu:m_021;menu:m_017;policy:wifi;policy:allergen_safety;menu:m_019;menu:m_016;menu:m_008;menu:m_020;menu:m_030;menu:m_065,0.19047619047619047,0.2273929773929774,4.752044998895144,1.0,1.0,1.0,1.0,1.0,1.0,0.0
hybrid_tfidf_embedding,nodia_m_022,test,no_diacritic,quan co tom hum nuong mo hanh khong,menu:m_022,menu:m_049;menu:m_090;menu:m_022;policy:wifi;menu:m_043;menu:m_017;policy:opening_hours;menu:m_033;policy:allergen_safety;menu:m_036,0.20169082125603865,0.2273929773929774,4.08902399976796,0.0,1.0,1.0,1.0,0.3333333333333333,0.5,0.0
hybrid_tfidf_embedding,nodia_m_023,test,no_diacritic,quan co ca loc nuong trui khong,menu:m_023,menu:m_079;menu:m_023;menu:m_017;policy:wifi;menu:m_076;menu:m_011;menu:m_036;menu:m_067;menu:m_040;policy:allergen_safety,0.19391304347826085,0.2273929773929774,3.8556210001843283,0.0,1.0,1.0,1.0,0.5,0.6309297535714575,0.0
hybrid_tfidf_embedding,nodia_m_024,test,no_diacritic,quan co tom rang muoi tay ninh khong,menu:m_024,menu:m_024;menu:m_040;policy:wifi;menu:m_013;menu:m_005;menu:m_003;menu:m_033;menu:m_028;menu:m_082;menu:m_035,0.20899470899470898,0.2273929773929774,3.9631139989069197,1.0,1.0,1.0,1.0,1.0,1.0,0.0
hybrid_tfidf_embedding,nodia_m_025,test,no_diacritic,quan co cua rang me khong,menu:m_025,menu:m_025;menu:m_076;policy:wifi;policy:opening_hours;menu:m_012;menu:m_028;menu:m_007;policy:ai_role;menu:m_082;policy:allergen_safety,0.20714285714285713,0.2273929773929774,4.667387000154122,1.0,1.0,1.0,1.0,1.0,1.0,0.0
hybrid_tfidf_embedding,nodia_m_026,test,no_diacritic,quan co muc xao sa te khong,menu:m_026,menu:m_039;menu:m_026;menu:m_033;policy:wifi;policy:allergen_safety;menu:m_027;menu:m_060;menu:m_013;menu:m_050;menu:m_074,0.21122994652406418,0.2273929773929774,4.032979000839987,0.0,1.0,1.0,1.0,0.5,0.6309297535714575,0.0
hybrid_tfidf_embedding,nodia_m_027,test,no_diacritic,quan co ngheu hap sa khong,menu:m_027,menu:m_037;menu:m_027;menu:m_033;policy:wifi;menu:m_039;policy:allergen_safety;menu:m_015;menu:m_060;menu:m_050;menu:m_074,0.20332480818414322,0.2273929773929774,4.837434000364738,0.0,1.0,1.0,1.0,0.5,0.6309297535714575,0.0
hybrid_tfidf_embedding,nodia_m_028,test,no_diacritic,quan co oc huong rang bo toi khong,menu:m_028,menu:m_028;policy:wifi;menu:m_021;policy:ai_role;menu:m_024;menu:m_031;menu:m_010;menu:m_025;policy:allergen_safety;menu:m_065,0.19047619047619047,0.2273929773929774,4.908650998913799,1.0,1.0,1.0,1.0,1.0,1.0,0.0
hybrid_tfidf_embedding,nodia_m_029,test,no_diacritic,quan co lau chua ca lang khong,menu:m_029,menu:m_033;menu:m_029;menu:m_035;menu:m_032;menu:m_054;policy:wifi;menu:m_031;policy:allergen_safety;menu:m_090;menu:m_030,0.1995540691192865,0.2273929773929774,5.008853000617819,0.0,1.0,1.0,1.0,0.5,0.6309297535714575,0.0
hybrid_tfidf_embedding,nodia_m_030,test,no_diacritic,quan co lau bo nhung giam khong,menu:m_030,menu:m_030;menu:m_033;policy:wifi;menu:m_031;menu:m_032;menu:m_034;menu:m_035;policy:availability;menu:m_021;policy:allergen_safety,0.19047619047619047,0.2273929773929774,4.00681000064651,1.0,1.0,1.0,1.0,1.0,1.0,0.0
hybrid_tfidf_embedding,nodia_m_031,test,no_diacritic,quan co lau nam chay khong,menu:m_031,menu:m_050;menu:m_055;menu:m_031;menu:m_056;policy:wifi;menu:m_033;menu:m_053;menu:m_032;menu:m_035;menu:m_051,0.20309477756286268,0.2273929773929774,4.351109999333858,0.0,1.0,1.0,1.0,0.3333333333333333,0.5,0.0
hybrid_tfidf_embedding,nodia_m_032,test,no_diacritic,quan co lau ga la e da lat khong,menu:m_032,menu:m_032;menu:m_037;menu:m_069;policy:wifi;menu:m_033;menu:m_035;menu:m_031;menu:m_036;menu:m_040;menu:m_009,0.23593073593073594,0.2273929773929774,3.9432339999621036,1.0,1.0,1.0,1.0,1.0,1.0,1.0
hybrid_tfidf_embedding,nodia_m_033,test,no_diacritic,quan co lau hai san chua cay khong,menu:m_033,menu:m_033;policy:wifi;menu:m_026;policy:allergen_safety;menu:m_025;menu:m_032;menu:m_029;menu:m_027;menu:m_031;menu:m_044,0.2175032175032175,0.2273929773929774,4.656981000152882,1.0,1.0,1.0,1.0,1.0,1.0,0.0
hybrid_tfidf_embedding,nodia_m_034,test,no_diacritic,quan co lau de thuoc bac khong,menu:m_034,menu:m_041;menu:m_034;policy:wifi;menu:m_032;menu:m_033;menu:m_029;policy:allergen_safety;menu:m_035;menu:m_031;policy:ai_role,0.20222634508348794,0.2273929773929774,4.2664619995775865,0.0,1.0,1.0,1.0,0.5,0.6309297535714575,0.0
hybrid_tfidf_embedding,nodia_m_035,test,no_diacritic,quan co lau mam mien tay khong,menu:m_035,menu:m_035;menu:m_013;menu:m_032;menu:m_003;menu:m_082;policy:wifi;menu:m_033;menu:m_023;menu:m_031;menu:m_002,0.21373200442967882,0.2273929773929774,4.317348000768106,1.0,1.0,1.0,1.0,1.0,1.0,0.0
hybrid_tfidf_embedding,nodia_m_036,test,no_diacritic,quan co ga nuong mat ong khong,menu:m_036,menu:m_036;menu:m_040;menu:m_015;menu:m_084;menu:m_017;policy:wifi;menu:m_076;menu:m_091;menu:m_009;menu:m_039,0.21904761904761905,0.2273929773929774,4.584782000165433,1.0,1.0,1.0,1.0,1.0,1.0,0.0
hybrid_tfidf_embedding,nodia_m_038,test,no_diacritic,quan co canh ga chien nuoc mam khong,menu:m_038,menu:m_002;menu:m_038;menu:m_016;policy:wifi;menu:m_009;menu:m_014;menu:m_053;menu:m_017;menu:m_011;menu:m_003,0.21391304347826087,0.2273929773929774,5.236586999671999,0.0,1.0,1.0,1.0,0.5,0.6309297535714575,0.0
hybrid_tfidf_embedding,nodia_m_039,test,no_diacritic,quan co ga xao sa ot khong,menu:m_039,menu:m_039;menu:m_026;policy:wifi;menu:m_040;menu:m_009;menu:m_027;menu:m_038;menu:m_056;menu:m_010;menu:m_036,0.22172619047619047,0.2273929773929774,4.243085000780411,1.0,1.0,1.0,1.0,1.0,1.0,0.0
hybrid_tfidf_embedding,nodia_m_041,test,no_diacritic,quan co ga tiem thuoc bac khong,menu:m_041,menu:m_041;menu:m_009;menu:m_034;policy:wifi;menu:m_036;menu:m_039;policy:allergen_safety;menu:m_032;menu:m_016;menu:m_038,0.2132034632034632,0.2273929773929774,4.253392000464373,1.0,1.0,1.0,1.0,1.0,1.0,0.0
hybrid_tfidf_embedding,nodia_m_042,test,no_diacritic,quan co ga ro ti kieu viet khong,menu:m_042,menu:m_042;menu:m_033;menu:m_016;menu:m_009;policy:wifi;menu:m_039;menu:m_036;menu:m_032;policy:allergen_safety;menu:m_041,0.21088435374149658,0.2273929773929774,3.7454049997904804,1.0,1.0,1.0,1.0,1.0,1.0,0.0
hybrid_tfidf_embedding,nodia_m_043,test,no_diacritic,quan co mi quang tom thit khong,menu:m_043,menu:m_043;menu:m_055;policy:wifi;menu:m_006;menu:m_033;menu:m_001;menu:m_003;menu:m_046;menu:m_013;menu:m_014,0.2126984126984127,0.2273929773929774,4.550521000055596,1.0,1.0,1.0,1.0,1.0,1.0,0.0
hybrid_tfidf_embedding,nodia_m_044,test,no_diacritic,quan co cao lau hoi an khong,menu:m_044,menu:m_032;menu:m_016;menu:m_044;policy:wifi;menu:m_033;menu:m_088;menu:m_030;menu:m_031;menu:m_035;menu:m_048,0.21428571428571427,0.2273929773929774,4.186280000794795,0.0,1.0,1.0,1.0,0.3333333333333333,0.5,0.0
hybrid_tfidf_embedding,nodia_m_045,test,no_diacritic,quan co be thui cau mong khong,menu:m_045,menu:m_045;policy:wifi;policy:allergen_safety;menu:m_004;menu:m_050;policy:cancel_order;policy:ai_role;menu:m_082;menu:m_001;menu:m_030,0.19047619047619047,0.2273929773929774,4.256236001310754,1.0,1.0,1.0,1.0,1.0,1.0,0.0
hybrid_tfidf_embedding,nodia_m_046,test,no_diacritic,quan co hu tieu nam vang khong,menu:m_046,menu:m_046;policy:wifi;menu:m_053;menu:m_050;menu:m_054;menu:m_055;menu:m_031;menu:m_037;policy:allergen_safety;menu:m_056,0.19047619047619047,0.2273929773929774,4.235014999721898,1.0,1.0,1.0,1.0,1.0,1.0,0.0
hybrid_tfidf_embedding,nodia_m_047,test,no_diacritic,quan co banh trang cuon thit heo khong,menu:m_047,menu:m_047;menu:m_043;menu:m_017;menu:m_001;menu:m_004;policy:wifi;menu:m_045;menu:m_023;menu:m_003;menu:m_076,0.19047619047619047,0.2273929773929774,4.5806159996573115,1.0,1.0,1.0,1.0,1.0,1.0,0.0
hybrid_tfidf_embedding,nodia_m_048,test,no_diacritic,quan co chao long sai gon khong,menu:m_048,menu:m_048;menu:m_070;menu:m_059;menu:m_006;menu:m_015;menu:m_083;menu:m_085;policy:wifi;menu:m_050;menu:m_019,0.21988795518207283,0.2273929773929774,4.052798998600338,1.0,1.0,1.0,1.0,1.0,1.0,0.0
hybrid_tfidf_embedding,nodia_m_050,test,no_diacritic,quan co pho chay nam dong co khong,menu:m_050,menu:m_050;menu:m_055;menu:m_031;menu:m_056;menu:m_053;policy:wifi;menu:m_012;menu:m_051;menu:m_054;menu:m_008,0.2132034632034632,0.2273929773929774,4.600876000040444,1.0,1.0,1.0,1.0,1.0,1.0,0.0
hybrid_tfidf_embedding,nodia_m_051,test,no_diacritic,quan co com chien chay ngu sac khong,menu:m_051,menu:m_017;menu:m_019;menu:m_051;menu:m_050;menu:m_054;policy:wifi;menu:m_055;menu:m_022;menu:m_014;menu:m_002,0.20347826086956522,0.2273929773929774,4.014771000584005,0.0,1.0,1.0,1.0,0.3333333333333333,0.5,0.0
hybrid_tfidf_embedding,nodia_m_052,test,no_diacritic,quan co goi cuon chay khong,menu:m_052,menu:m_052;menu:m_050;policy:wifi;menu:m_055;menu:m_001;policy:allergen_safety;menu:m_031;menu:m_054;menu:m_053;menu:m_004,0.20865800865800865,0.2273929773929774,4.1011619996425,1.0,1.0,1.0,1.0,1.0,1.0,0.0
hybrid_tfidf_embedding,nodia_m_053,test,no_diacritic,quan co canh kho qua nhoi nam khong,menu:m_053,menu:m_050;menu:m_053;policy:wifi;menu:m_038;menu:m_018;menu:m_031;policy:allergen_safety;menu:m_055;policy:ai_role;menu:m_046,0.19145690312738367,0.2273929773929774,4.285580000214395,0.0,1.0,1.0,1.0,0.5,0.6309297535714575,0.0
hybrid_tfidf_embedding,nodia_m_054,test,no_diacritic,quan co dau hu sot ca chua khong,menu:m_054,menu:m_054;menu:m_050;menu:m_012;menu:m_014;menu:m_055;policy:wifi;menu:m_051;menu:m_056;policy:allergen_safety;menu:m_033,0.22172619047619047,0.2273929773929774,4.713246000392246,1.0,1.0,1.0,1.0,1.0,1.0,0.0
hybrid_tfidf_embedding,nodia_m_056,test,no_diacritic,quan co bun chay hue khong,menu:m_056,menu:m_010;menu:m_056;menu:m_050;policy:wifi;menu:m_055;menu:m_052;menu:m_011;menu:m_014;menu:m_020;menu:m_031,0.1966403162055336,0.2273929773929774,3.9467879996664124,0.0,1.0,1.0,1.0,0.5,0.6309297535714575,0.0
hybrid_tfidf_embedding,nodia_m_057,test,no_diacritic,quan co ca phe sua da khong,menu:m_057,menu:m_059;menu:m_057;menu:m_063;menu:m_058;policy:wifi;menu:m_062;menu:m_060;menu:m_082;menu:m_061;policy:cancel_order,0.19105691056910568,0.2273929773929774,4.067031000886345,0.0,1.0,1.0,1.0,0.5,0.6309297535714575,0.0
hybrid_tfidf_embedding,nodia_m_060,test,no_diacritic,quan co tra dao cam sa khong,menu:m_060,menu:m_060;policy:wifi;menu:m_064;menu:m_089;menu:m_039;menu:m_091;policy:allergen_safety;menu:m_027;menu:m_061;menu:m_050,0.19047619047619047,0.2273929773929774,3.999939999630442,1.0,1.0,1.0,1.0,1.0,1.0,0.0
hybrid_tfidf_embedding,nodia_m_061,test,no_diacritic,quan co tra sen tay ho khong,menu:m_061,menu:m_061;policy:wifi;policy:ai_role;menu:m_082;policy:allergen_safety;menu:m_060;menu:m_013;menu:m_062;menu:m_035;menu:m_050,0.19047619047619047,0.2273929773929774,4.234112000631285,1.0,1.0,1.0,1.0,1.0,1.0,0.0
hybrid_tfidf_embedding,nodia_m_062,test,no_diacritic,quan co tra sua tran chau khong,menu:m_062,menu:m_059;menu:m_062;policy:wifi;menu:m_057;menu:m_061;policy:allergen_safety;menu:m_060;menu:m_050;policy:cancel_order;policy:availability,0.20022883295194507,0.2273929773929774,4.064516999278567,0.0,1.0,1.0,1.0,0.5,0.6309297535714575,0.0
hybrid_tfidf_embedding,nodia_m_063,test,no_diacritic,quan co ca phe dua khong,menu:m_063,menu:m_063;menu:m_059;menu:m_057;menu:m_058;policy:wifi;menu:m_060;menu:m_061;menu:m_062;menu:m_018;menu:m_054,0.19047619047619047,0.2273929773929774,4.665603999455925,1.0,1.0,1.0,1.0,1.0,1.0,0.0
hybrid_tfidf_embedding,nodia_m_065,test,no_diacritic,quan co sinh to bo dak lak khong,menu:m_065,menu:m_065;menu:m_070;menu:m_067;policy:wifi;menu:m_069;menu:m_064;menu:m_068;menu:m_066;menu:m_021;menu:m_010,0.2175032175032175,0.2273929773929774,4.278178999811644,1.0,1.0,1.0,1.0,1.0,1.0,0.0
hybrid_tfidf_embedding,nodia_m_066,test,no_diacritic,quan co nuoc ep dua hau khong,menu:m_066,menu:m_070;menu:m_066;menu:m_081;menu:m_064;policy:wifi;menu:m_068;menu:m_050;menu:m_067;menu:m_069;menu:m_073,0.19448275862068964,0.2273929773929774,3.747688000657945,0.0,1.0,1.0,1.0,0.5,0.6309297535714575,0.0
hybrid_tfidf_embedding,nodia_m_067,test,no_diacritic,quan co sinh to xoai hoa loc khong,menu:m_067,menu:m_079;menu:m_067;menu:m_065;menu:m_070;policy:wifi;menu:m_069;menu:m_064;menu:m_068;menu:m_011;menu:m_017,0.20884520884520885,0.2273929773929774,4.108823000933626,0.0,1.0,1.0,1.0,0.5,0.6309297535714575,0.0
hybrid_tfidf_embedding,nodia_m_068,test,no_diacritic,quan co nuoc rau ma khong,menu:m_068,menu:m_050;menu:m_068;policy:wifi;policy:allergen_safety;menu:m_031;policy:ai_role;menu:m_082;menu:m_064;menu:m_055;policy:opening_hours,0.19145690312738367,0.2273929773929774,4.501788000197848,0.0,1.0,1.0,1.0,0.5,0.6309297535714575,0.0
hybrid_tfidf_embedding,nodia_m_069,test,no_diacritic,quan co sinh to dau tay da lat khong,menu:m_069,menu:m_032;menu:m_065;menu:m_070;menu:m_069;menu:m_067;policy:wifi;menu:m_064;menu:m_013;menu:m_082;menu:m_068,0.22348484848484848,0.2273929773929774,4.199529999823426,0.0,0.0,1.0,1.0,0.25,0.43067655807339306,0.0
hybrid_tfidf_embedding,nodia_m_071,test,no_diacritic,quan co che khuc bach khong,menu:m_071,menu:m_071;menu:m_075;policy:wifi;menu:m_073;menu:m_050;policy:allergen_safety;policy:ai_role;menu:m_082;policy:opening_hours;menu:m_033,0.19047619047619047,0.2273929773929774,4.458470999452402,1.0,1.0,1.0,1.0,1.0,1.0,0.0
hybrid_tfidf_embedding,nodia_m_072,test,no_diacritic,quan co banh flan caramel khong,menu:m_072,menu:m_072;menu:m_038;policy:wifi;menu:m_076;menu:m_006;policy:allergen_safety;menu:m_050;menu:m_004;policy:ai_role;menu:m_047,0.22893772893772893,0.2273929773929774,4.904404000626528,1.0,1.0,1.0,1.0,1.0,1.0,1.0
hybrid_tfidf_embedding,nodia_m_073,test,no_diacritic,quan co che buoi khong,menu:m_073,menu:m_073;menu:m_082;menu:m_075;policy:wifi;menu:m_071;policy:allergen_safety;policy:ai_role;menu:m_050;menu:m_033;policy:opening_hours,0.2077175697865353,0.2273929773929774,3.807508999670972,1.0,1.0,1.0,1.0,1.0,1.0,0.0
hybrid_tfidf_embedding,nodia_m_076,test,no_diacritic,quan co banh chuoi nuong khong,menu:m_076,menu:m_017;menu:m_076;policy:wifi;menu:m_011;menu:m_023;menu:m_043;menu:m_040;menu:m_036;policy:allergen_safety;menu:m_006,0.19930069930069932,0.2273929773929774,3.850353001325857,0.0,1.0,1.0,1.0,0.5,0.6309297535714575,0.0
hybrid_tfidf_embedding,nodia_m_077,test,no_diacritic,quan co xoi xoai khong,menu:m_077,menu:m_077;menu:m_049;menu:m_079;policy:wifi;menu:m_067;menu:m_050;menu:m_005;policy:allergen_safety;menu:m_082;policy:ai_role,0.20833333333333331,0.2273929773929774,4.2322600002080435,1.0,1.0,1.0,1.0,1.0,1.0,0.0
hybrid_tfidf_embedding,nodia_m_078,test,no_diacritic,quan co dia trai cay theo mua khong,menu:m_078,menu:m_082;menu:m_078;menu:m_083;policy:wifi;menu:m_079;menu:m_081;menu:m_033;menu:m_075;menu:m_080;menu:m_084,0.19716885743174922,0.2273929773929774,5.137587000717758,0.0,1.0,1.0,1.0,0.5,0.6309297535714575,0.0
hybrid_tfidf_embedding,nodia_m_079,test,no_diacritic,quan co xoai cat hoa loc khong,menu:m_079,menu:m_079;menu:m_077;menu:m_067;policy:wifi;menu:m_011;menu:m_017;menu:m_023;menu:m_005;menu:m_050;policy:allergen_safety,0.21486643437862948,0.2273929773929774,4.146289998971042,1.0,1.0,1.0,1.0,1.0,1.0,0.0
hybrid_tfidf_embedding,nodia_m_080,test,no_diacritic,quan co sau rieng ri6 khong,menu:m_080,menu:m_080;policy:wifi;policy:cancel_order;menu:m_050;policy:allergen_safety;policy:ai_role;menu:m_082;policy:opening_hours;policy:availability;menu:m_033,0.20899470899470898,0.2273929773929774,6.184817999383085,1.0,1.0,1.0,1.0,1.0,1.0,0.0
hybrid_tfidf_embedding,nodia_m_081,test,no_diacritic,quan co dua hau lanh khong,menu:m_081,menu:m_081;menu:m_066;policy:wifi;menu:m_063;policy:allergen_safety;menu:m_050;menu:m_074;menu:m_090;menu:m_071;menu:m_082,0.19047619047619047,0.2273929773929774,3.962433000197052,1.0,1.0,1.0,1.0,1.0,1.0,0.0
hybrid_tfidf_embedding,nodia_m_082,test,no_diacritic,quan co buoi da xanh ben tre khong,menu:m_082,menu:m_082;menu:m_073;menu:m_040;policy:wifi;policy:allergen_safety;menu:m_062;menu:m_075;menu:m_038;policy:ai_role;menu:m_033,0.21825396825396826,0.2273929773929774,4.08399499974621,1.0,1.0,1.0,1.0,1.0,1.0,0.0
hybrid_tfidf_embedding,nodia_m_083,test,no_diacritic,quan co thanh long binh thuan khong,menu:m_083,menu:m_083;menu:m_048;policy:wifi;menu:m_088;menu:m_070;menu:m_082;policy:allergen_safety;policy:ai_role;menu:m_006;policy:payment,0.2275132275132275,0.2273929773929774,3.9012800007185433,1.0,1.0,1.0,1.0,1.0,1.0,1.0
hybrid_tfidf_embedding,nodia_m_084,test,no_diacritic,quan co du du chin mat ong khong,menu:m_084,menu:m_036;menu:m_015;menu:m_084;policy:wifi;menu:m_091;menu:m_077;policy:allergen_safety;menu:m_079;policy:availability;menu:m_050,0.20104895104895104,0.2273929773929774,3.9878210009192117,0.0,1.0,1.0,1.0,0.3333333333333333,0.5,0.0
hybrid_tfidf_embedding,nodia_m_086,test,no_diacritic,quan co bia ha noi khong,menu:m_086,menu:m_088;menu:m_058;menu:m_086;menu:m_011;menu:m_049;menu:m_090;menu:m_014;menu:m_002;policy:wifi;menu:m_004,0.2095959595959596,0.2273929773929774,4.146139999647858,0.0,1.0,1.0,1.0,0.3333333333333333,0.5,0.0
hybrid_tfidf_embedding,nodia_m_087,test,no_diacritic,quan co bia tiger crystal khong,menu:m_087,menu:m_087;menu:m_088;policy:wifi;menu:m_086;menu:m_085;menu:m_091;menu:m_089;policy:allergen_safety;menu:m_082;policy:ai_role,0.23047619047619047,0.2273929773929774,3.9940900005603908,1.0,1.0,1.0,1.0,1.0,1.0,1.0
hybrid_tfidf_embedding,nodia_m_088,test,no_diacritic,quan co bia hoi ha noi khong,menu:m_088,menu:m_088;menu:m_058;menu:m_011;menu:m_086;menu:m_049;menu:m_090;menu:m_002;menu:m_014;policy:wifi;menu:m_004,0.21486643437862948,0.2273929773929774,3.6977829986426514,1.0,1.0,1.0,1.0,1.0,1.0,0.0
hybrid_tfidf_embedding,nodia_m_091,test,no_diacritic,quan co cocktail chanh dao mat ong khong,menu:m_091,menu:m_091;menu:m_036;menu:m_037;menu:m_015;policy:wifi;menu:m_084;menu:m_060;menu:m_053;policy:allergen_safety;policy:ai_role,0.2275132275132275,0.2273929773929774,4.621957999916049,1.0,1.0,1.0,1.0,1.0,1.0,1.0
hybrid_tfidf_embedding,pol_001,test,policy_paraphrase,Bạn chốt đơn rồi gửi xuống bếp giúp mình nhé,policy:ai_role,policy:cancel_order;menu:m_019;policy:ai_role;policy:reservation;menu:m_040;menu:m_014;menu:m_008;policy:ordering_scope;menu:m_086;menu:m_059,0.19047619047619047,0.2273929773929774,4.884996000328101,0.0,1.0,1.0,1.0,0.3333333333333333,0.5,0.0
hybrid_tfidf_embedding,pol_002,test,policy_paraphrase,AI có thể tự mua và trả tiền hộ tôi không?,policy:ai_role,policy:ai_role;policy:payment;policy:cancel_order;policy:wifi;policy:parking;policy:availability;menu:m_062;menu:m_061;policy:reservation;policy:opening_hours,0.23809523809523808,0.2273929773929774,5.308374000378535,1.0,1.0,1.0,1.0,1.0,1.0,1.0
hybrid_tfidf_embedding,pol_003,test,policy_paraphrase,Tôi đặt đồ rồi ghé quán lấy sau được không?,policy:ordering_scope,policy:wifi;policy:ordering_scope;policy:availability;policy:reservation;policy:ai_role;menu:m_080;policy:cancel_order;policy:opening_hours;menu:m_038;policy:allergen_safety,0.19047619047619047,0.2273929773929774,4.719485999885364,0.0,1.0,1.0,1.0,0.5,0.6309297535714575,0.0
hybrid_tfidf_embedding,pol_004,test,policy_paraphrase,Ở đây trả tiền theo những cách nào?,policy:payment,policy:payment;policy:parking;policy:availability;menu:m_078;menu:m_030;policy:reservation;menu:m_060;menu:m_059;menu:m_080;menu:m_063,0.23809523809523808,0.2273929773929774,5.405030999099836,1.0,1.0,1.0,1.0,1.0,1.0,1.0
hybrid_tfidf_embedding,pol_005,test,policy_paraphrase,Tối muộn khoảng mười giờ quán còn phục vụ chứ?,policy:opening_hours,policy:opening_hours;policy:reservation;menu:m_040;policy:wifi;policy:availability;menu:m_024;menu:m_009;menu:m_037;policy:parking;policy:ai_role,0.23809523809523808,0.2273929773929774,6.503429000076721,1.0,1.0,1.0,1.0,1.0,1.0,1.0
hybrid_tfidf_embedding,pol_007,test,policy_paraphrase,Nếu đi ô tô thì tôi để xe chỗ nào?,policy:parking,policy:parking;policy:allergen_safety;menu:m_034;menu:m_049;menu:m_028;menu:m_067;menu:m_069;menu:m_070;menu:m_016;menu:m_018,0.23809523809523808,0.2273929773929774,5.094782000014675,1.0,1.0,1.0,1.0,1.0,1.0,1.0
hybrid_tfidf_embedding,pol_009,test,policy_paraphrase,Món đã gửi xuống bếp rồi có đổi lại được không?,policy:cancel_order,policy:cancel_order;policy:availability;menu:m_050;policy:ai_role;menu:m_053;menu:m_036;policy:wifi;menu:m_019;menu:m_033;policy:allergen_safety,0.19047619047619047,0.2273929773929774,4.4931440006621415,1.0,1.0,1.0,1.0,1.0,1.0,0.0
hybrid_tfidf_embedding,pol_010,test,policy_paraphrase,"Tôi dị ứng nặng, thông tin thành phần trên menu có bảo đảm tuyệt đối không?",policy:allergen_safety,policy:allergen_safety;policy:ai_role;menu:m_033;policy:cancel_order;policy:payment;policy:wifi;menu:m_061;menu:m_028;menu:m_047;menu:m_085,0.23809523809523808,0.2273929773929774,5.314874000760028,1.0,1.0,1.0,1.0,1.0,1.0,1.0
hybrid_tfidf_embedding,sem_002,test,semantic_paraphrase,Có thức uống mát nào vừa có cam vừa thơm mùi sả không?,menu:m_060,menu:m_060;menu:m_059;menu:m_039;menu:m_064;menu:m_026;menu:m_010;menu:m_074;menu:m_027;policy:wifi;menu:m_053,0.23593073593073594,0.2273929773929774,5.558090999329579,1.0,1.0,1.0,1.0,1.0,1.0,1.0
hybrid_tfidf_embedding,sem_003,test,semantic_paraphrase,Tìm giúp món chay dạng canh thanh mát có rau củ,menu:m_053,menu:m_053;menu:m_031;menu:m_050;menu:m_052;menu:m_056;menu:m_051;menu:m_068;menu:m_038;menu:m_055;menu:m_054,0.2275132275132275,0.2273929773929774,5.258760000288021,1.0,1.0,1.0,1.0,1.0,1.0,1.0
hybrid_tfidf_embedding,sem_004,test,semantic_paraphrase,Tôi muốn món chay dạng nước có vị sả ớt kiểu Huế,menu:m_056,menu:m_056;menu:m_027;menu:m_039;menu:m_010;menu:m_050;menu:m_052;menu:m_020;menu:m_053;menu:m_040;menu:m_055,0.23593073593073594,0.2273929773929774,4.835881001781672,1.0,1.0,1.0,1.0,1.0,1.0,1.0
hybrid_tfidf_embedding,sem_006,test,semantic_paraphrase,Món sợi dai đặc sản Hội An ăn cùng thịt xá xíu,menu:m_044,menu:m_043;menu:m_016;menu:m_044;menu:m_047;menu:m_049;menu:m_046;menu:m_048;menu:m_009;menu:m_045;menu:m_070,0.22153209109730848,0.2273929773929774,5.664332000378636,0.0,1.0,1.0,1.0,0.3333333333333333,0.5,0.0
hybrid_tfidf_embedding,sem_007,test,semantic_paraphrase,"Món gà nước thanh, mềm và phù hợp cho người lớn tuổi",menu:m_041,menu:m_041;menu:m_036;menu:m_038;menu:m_039;menu:m_040;menu:m_042;menu:m_009;menu:m_037;menu:m_016;menu:m_086,0.2275132275132275,0.2273929773929774,6.417448999854969,1.0,1.0,1.0,1.0,1.0,1.0,1.0
hybrid_tfidf_embedding,sem_008,test,semantic_paraphrase,Hải sản sốt chua ngọt có thể ăn kèm bánh mì nóng,menu:m_025,menu:m_025;menu:m_022;menu:m_033;menu:m_004;menu:m_006;menu:m_026;menu:m_034;menu:m_027;menu:m_043;menu:m_023,0.23593073593073594,0.2273929773929774,4.8972839995258255,1.0,1.0,1.0,1.0,1.0,1.0,1.0
hybrid_tfidf_embedding,sem_009,test,semantic_paraphrase,Buổi tối muộn tôi muốn một món cháo nóng có lòng heo,menu:m_048,menu:m_073;menu:m_021;menu:m_048;menu:m_028;menu:m_038;menu:m_007;menu:m_082;menu:m_083;menu:m_039;policy:ai_role,0.20222634508348794,0.2273929773929774,4.607656999723986,0.0,1.0,1.0,1.0,0.3333333333333333,0.5,0.0
hybrid_tfidf_embedding,sem_010,test,semantic_paraphrase,Tráng miệng lạnh có hạnh nhân và vải thiều,menu:m_071,menu:m_071;menu:m_075;menu:m_073;menu:m_074;menu:m_076;menu:m_077;menu:m_081;menu:m_072;menu:m_004;menu:m_011,0.22893772893772893,0.2273929773929774,4.445552000106545,1.0,1.0,1.0,1.0,1.0,1.0,1.0
hybrid_tfidf_embedding,sem_012,test,semantic_paraphrase,Món gà chiên giòn vị nước mắm phù hợp cho trẻ em,menu:m_038,menu:m_038;menu:m_036;menu:m_002;menu:m_041;menu:m_040;menu:m_016;menu:m_062;menu:m_072;menu:m_039;menu:m_005,0.23593073593073594,0.2273929773929774,5.9528780002438,1.0,1.0,1.0,1.0,1.0,1.0,1.0
hybrid_tfidf_embedding,sem_013,test,semantic_paraphrase,Nhóm tôi muốn ăn lẩu hoàn toàn không có thịt,menu:m_031,menu:m_034;menu:m_044;policy:ai_role;policy:allergen_safety;menu:m_030;menu:m_033;policy:payment;menu:m_014;menu:m_031;menu:m_029,0.20833333333333331,0.2273929773929774,4.33041799988132,0.0,0.0,0.0,0.0,0.1111111111111111,0.3010299956639812,0.0
hybrid_tfidf_embedding,sem_014,test,semantic_paraphrase,Đi bốn người muốn ăn lẩu bò có vị chua dịu,menu:m_030,menu:m_030;menu:m_029;menu:m_034;menu:m_021;menu:m_033;policy:allergen_safety;menu:m_041;menu:m_044;menu:m_008;menu:m_031,0.22893772893772893,0.2273929773929774,4.484020000745659,1.0,1.0,1.0,1.0,1.0,1.0,1.0
hybrid_tfidf_embedding,sem_015,test,semantic_paraphrase,Thức uống lên men bình dân đặc trưng Hà Nội,menu:m_088,menu:m_058;menu:m_088;menu:m_059;menu:m_049;menu:m_070;menu:m_002;menu:m_090;menu:m_011;menu:m_086;menu:m_006,0.22181818181818183,0.2273929773929774,4.986989999451907,0.0,1.0,1.0,1.0,0.5,0.6309297535714575,0.0
hybrid_tfidf_embedding,sem_017,test,semantic_paraphrase,"Món cuốn không thịt có đậu hũ, rau thơm và bơ",menu:m_052,menu:m_052;menu:m_001;menu:m_050;menu:m_012;menu:m_054;menu:m_051;menu:m_047;menu:m_055;menu:m_034;menu:m_056,0.23214285714285712,0.2273929773929774,5.116915999678895,1.0,1.0,1.0,1.0,1.0,1.0,1.0
